cement,slag,fly_ash,water,superplasticizer,coarse_aggregate,fine_aggregate,age,strength,recycled_content_kg,total_binder,recycled_content_pct,water_cement_ratio,cement_intensity,circularity_score,sustainability_grade,estimated_co2_kg_per_m3
540.0,0.0,0.0,162.0,2.5,1040.0,676.0,28,79.99,0.0,540.0,0.0,0.3,6.751,35.6,Medium,486.0
540.0,0.0,0.0,162.0,2.5,1055.0,676.0,28,61.89,0.0,540.0,0.0,0.3,8.725,34.3,Medium,486.0
332.5,142.5,0.0,228.0,0.0,932.0,594.0,270,40.27,142.5,475.0,30.0,0.686,8.257,59.1,High,306.38
332.5,142.5,0.0,228.0,0.0,932.0,594.0,365,41.05,142.5,475.0,30.0,0.686,8.1,59.2,High,306.38
198.6,132.4,0.0,192.0,0.0,978.4,825.5,360,44.3,132.4,331.0,40.0,0.967,4.483,69.7,High,185.36
266.0,114.0,0.0,228.0,0.0,932.0,670.0,90,47.03,114.0,380.0,30.0,0.857,5.656,60.8,High,245.1
380.0,95.0,0.0,228.0,0.0,932.0,594.0,365,43.7,95.0,475.0,20.0,0.6,8.695,50.6,High,346.75
380.0,95.0,0.0,228.0,0.0,932.0,594.0,28,36.45,95.0,475.0,20.0,0.6,10.425,49.5,Medium,346.75
266.0,114.0,0.0,228.0,0.0,932.0,670.0,28,45.85,114.0,380.0,30.0,0.857,5.801,60.7,High,245.1
475.0,0.0,0.0,228.0,0.0,932.0,594.0,28,39.29,0.0,475.0,0.0,0.48,12.089,32.1,Medium,427.5
198.6,132.4,0.0,192.0,0.0,978.4,825.5,90,38.07,132.4,331.0,40.0,0.967,5.217,69.2,High,185.36
198.6,132.4,0.0,192.0,0.0,978.4,825.5,28,28.02,132.4,331.0,40.0,0.967,7.088,68.0,High,185.36
427.5,47.5,0.0,228.0,0.0,932.0,594.0,270,43.01,47.5,475.0,10.0,0.533,9.939,41.7,Medium,387.12
190.0,190.0,0.0,228.0,0.0,932.0,670.0,90,42.33,190.0,380.0,50.0,1.2,4.488,77.8,Excellent,180.5
304.0,76.0,0.0,228.0,0.0,932.0,670.0,28,47.81,76.0,380.0,20.0,0.75,6.358,52.2,High,277.4
380.0,0.0,0.0,228.0,0.0,932.0,670.0,90,52.91,0.0,380.0,0.0,0.6,7.182,35.3,Medium,342.0
139.6,209.4,0.0,192.0,0.0,1047.0,806.9,90,39.36,209.4,349.0,60.0,1.375,3.547,86.6,Excellent,136.11
342.0,38.0,0.0,228.0,0.0,932.0,670.0,365,56.14,38.0,380.0,10.0,0.667,6.092,44.2,Medium,309.7
380.0,95.0,0.0,228.0,0.0,932.0,594.0,90,40.56,95.0,475.0,20.0,0.6,9.369,50.2,High,346.75
475.0,0.0,0.0,228.0,0.0,932.0,594.0,180,42.62,0.0,475.0,0.0,0.48,11.145,32.7,Medium,427.5
427.5,47.5,0.0,228.0,0.0,932.0,594.0,180,41.84,47.5,475.0,10.0,0.533,10.217,41.5,Medium,387.12
139.6,209.4,0.0,192.0,0.0,1047.0,806.9,28,28.24,209.4,349.0,60.0,1.375,4.943,85.7,Excellent,136.11
139.6,209.4,0.0,192.0,0.0,1047.0,806.9,3,8.06,209.4,349.0,60.0,1.375,17.318,77.6,Excellent,136.11
139.6,209.4,0.0,192.0,0.0,1047.0,806.9,180,44.21,209.4,349.0,60.0,1.375,3.158,86.9,Excellent,136.11
380.0,0.0,0.0,228.0,0.0,932.0,670.0,365,52.52,0.0,380.0,0.0,0.6,7.235,35.3,Medium,342.0
380.0,0.0,0.0,228.0,0.0,932.0,670.0,270,53.3,0.0,380.0,0.0,0.6,7.129,35.4,Medium,342.0
380.0,95.0,0.0,228.0,0.0,932.0,594.0,270,41.15,95.0,475.0,20.0,0.6,9.234,50.3,High,346.75
342.0,38.0,0.0,228.0,0.0,932.0,670.0,180,52.12,38.0,380.0,10.0,0.667,6.562,43.9,Medium,309.7
427.5,47.5,0.0,228.0,0.0,932.0,594.0,28,37.43,47.5,475.0,10.0,0.533,11.421,40.7,Medium,387.12
475.0,0.0,0.0,228.0,0.0,932.0,594.0,7,38.6,0.0,475.0,0.0,0.48,12.305,32.0,Medium,427.5
304.0,76.0,0.0,228.0,0.0,932.0,670.0,365,55.26,76.0,380.0,20.0,0.75,5.501,52.7,High,277.4
266.0,114.0,0.0,228.0,0.0,932.0,670.0,365,52.91,114.0,380.0,30.0,0.857,5.027,61.2,High,245.1
198.6,132.4,0.0,192.0,0.0,978.4,825.5,180,41.72,132.4,331.0,40.0,0.967,4.76,69.5,High,185.36
475.0,0.0,0.0,228.0,0.0,932.0,594.0,270,42.13,0.0,475.0,0.0,0.48,11.274,32.7,Medium,427.5
190.0,190.0,0.0,228.0,0.0,932.0,670.0,365,53.69,190.0,380.0,50.0,1.2,3.539,78.5,Excellent,180.5
237.5,237.5,0.0,228.0,0.0,932.0,594.0,270,38.41,237.5,475.0,50.0,0.96,6.183,76.7,Excellent,225.62
237.5,237.5,0.0,228.0,0.0,932.0,594.0,28,30.08,237.5,475.0,50.0,0.96,7.895,75.6,Excellent,225.62
332.5,142.5,0.0,228.0,0.0,932.0,594.0,90,37.72,142.5,475.0,30.0,0.686,8.815,58.7,High,306.38
475.0,0.0,0.0,228.0,0.0,932.0,594.0,90,42.23,0.0,475.0,0.0,0.48,11.248,32.7,Medium,427.5
237.5,237.5,0.0,228.0,0.0,932.0,594.0,180,36.25,237.5,475.0,50.0,0.96,6.552,76.5,Excellent,225.62
342.0,38.0,0.0,228.0,0.0,932.0,670.0,90,50.46,38.0,380.0,10.0,0.667,6.778,43.7,Medium,309.7
427.5,47.5,0.0,228.0,0.0,932.0,594.0,365,43.7,47.5,475.0,10.0,0.533,9.782,41.8,Medium,387.12
237.5,237.5,0.0,228.0,0.0,932.0,594.0,365,39.0,237.5,475.0,50.0,0.96,6.09,76.8,Excellent,225.62
380.0,0.0,0.0,228.0,0.0,932.0,670.0,180,53.1,0.0,380.0,0.0,0.6,7.156,35.3,Medium,342.0
427.5,47.5,0.0,228.0,0.0,932.0,594.0,90,41.54,47.5,475.0,10.0,0.533,10.291,41.4,Medium,387.12
427.5,47.5,0.0,228.0,0.0,932.0,594.0,7,35.08,47.5,475.0,10.0,0.533,12.186,40.2,Medium,387.12
349.0,0.0,0.0,192.0,0.0,1047.0,806.9,3,15.05,0.0,349.0,0.0,0.55,23.188,24.9,Low,314.1
380.0,95.0,0.0,228.0,0.0,932.0,594.0,180,40.76,95.0,475.0,20.0,0.6,9.323,50.2,High,346.75
237.5,237.5,0.0,228.0,0.0,932.0,594.0,7,26.26,237.5,475.0,50.0,0.96,9.044,74.9,Excellent,225.62
380.0,95.0,0.0,228.0,0.0,932.0,594.0,7,32.82,95.0,475.0,20.0,0.6,11.578,48.8,Medium,346.75
332.5,142.5,0.0,228.0,0.0,932.0,594.0,180,39.78,142.5,475.0,30.0,0.686,8.358,59.0,High,306.38
190.0,190.0,0.0,228.0,0.0,932.0,670.0,180,46.93,190.0,380.0,50.0,1.2,4.048,78.1,Excellent,180.5
237.5,237.5,0.0,228.0,0.0,932.0,594.0,90,33.12,237.5,475.0,50.0,0.96,7.171,76.1,Excellent,225.62
304.0,76.0,0.0,228.0,0.0,932.0,670.0,90,49.19,76.0,380.0,20.0,0.75,6.18,52.3,High,277.4
139.6,209.4,0.0,192.0,0.0,1047.0,806.9,7,14.59,209.4,349.0,60.0,1.375,9.568,82.7,Excellent,136.11
198.6,132.4,0.0,192.0,0.0,978.4,825.5,7,14.64,132.4,331.0,40.0,0.967,13.565,63.8,High,185.36
475.0,0.0,0.0,228.0,0.0,932.0,594.0,365,41.93,0.0,475.0,0.0,0.48,11.328,32.6,Medium,427.5
198.6,132.4,0.0,192.0,0.0,978.4,825.5,3,9.13,132.4,331.0,40.0,0.967,21.75,58.4,High,185.36
304.0,76.0,0.0,228.0,0.0,932.0,670.0,180,50.95,76.0,380.0,20.0,0.75,5.967,52.4,High,277.4
332.5,142.5,0.0,228.0,0.0,932.0,594.0,28,33.02,142.5,475.0,30.0,0.686,10.069,57.9,High,306.38
304.0,76.0,0.0,228.0,0.0,932.0,670.0,270,54.38,76.0,380.0,20.0,0.75,5.59,52.7,High,277.4
266.0,114.0,0.0,228.0,0.0,932.0,670.0,270,51.73,114.0,380.0,30.0,0.857,5.142,61.1,High,245.1
310.0,0.0,0.0,192.0,0.0,971.0,850.6,3,9.87,0.0,310.0,0.0,0.619,31.405,19.5,Low,279.0
190.0,190.0,0.0,228.0,0.0,932.0,670.0,270,50.66,190.0,380.0,50.0,1.2,3.75,78.3,Excellent,180.5
266.0,114.0,0.0,228.0,0.0,932.0,670.0,180,48.7,114.0,380.0,30.0,0.857,5.462,60.9,High,245.1
342.0,38.0,0.0,228.0,0.0,932.0,670.0,270,55.06,38.0,380.0,10.0,0.667,6.211,44.1,Medium,309.7
139.6,209.4,0.0,192.0,0.0,1047.0,806.9,360,44.7,209.4,349.0,60.0,1.375,3.123,86.9,Excellent,136.11
332.5,142.5,0.0,228.0,0.0,932.0,594.0,7,30.28,142.5,475.0,30.0,0.686,10.98,57.3,High,306.38
190.0,190.0,0.0,228.0,0.0,932.0,670.0,28,40.86,190.0,380.0,50.0,1.2,4.65,77.7,Excellent,180.5
485.0,0.0,0.0,146.0,0.0,1120.0,800.0,28,71.99,0.0,485.0,0.0,0.301,6.737,35.6,Medium,436.5
374.0,189.2,0.0,170.1,10.1,926.1,756.7,3,34.4,189.2,563.2,33.59,0.455,10.872,60.3,High,346.06
313.3,262.2,0.0,175.5,8.6,1046.9,611.8,3,28.8,262.2,575.5,45.56,0.56,10.878,70.1,Excellent,295.08
425.0,106.3,0.0,153.5,16.5,852.1,887.1,3,33.4,106.3,531.3,20.01,0.361,12.724,48.0,Medium,387.82
425.0,106.3,0.0,151.4,18.6,936.0,803.7,3,36.3,106.3,531.3,20.01,0.356,11.708,48.7,Medium,387.82
375.0,93.8,0.0,126.6,23.4,852.1,992.6,3,29.0,93.8,468.8,20.01,0.338,12.931,47.9,Medium,342.19
475.0,118.8,0.0,181.1,8.9,852.1,781.5,3,37.8,118.8,593.8,20.01,0.381,12.566,48.1,Medium,433.44
469.0,117.2,0.0,137.8,32.2,852.1,840.5,3,40.2,117.2,586.2,19.99,0.294,11.666,48.7,Medium,427.96
425.0,106.3,0.0,153.5,16.5,852.1,887.1,3,33.4,106.3,531.3,20.01,0.361,12.724,48.0,Medium,387.82
388.6,97.1,0.0,157.9,12.1,852.1,925.7,3,28.1,97.1,485.70000000000005,19.99,0.406,13.829,47.3,Medium,354.6
531.3,0.0,0.0,141.8,28.2,852.1,893.7,3,41.3,0.0,531.3,0.0,0.267,12.864,31.6,Medium,478.17
425.0,106.3,0.0,153.5,16.5,852.1,887.1,3,33.4,106.3,531.3,20.01,0.361,12.724,48.0,Medium,387.82
318.8,212.5,0.0,155.7,14.3,852.1,880.4,3,25.2,212.5,531.3,40.0,0.488,12.65,64.4,High,297.54
401.8,94.7,0.0,147.4,11.4,946.8,852.1,3,41.1,94.7,496.5,19.07,0.367,9.776,49.2,Medium,366.36
362.6,189.0,0.0,164.9,11.6,944.7,755.8,3,35.3,189.0,551.6,34.26,0.455,10.272,61.2,High,335.79
323.7,282.8,0.0,183.8,10.3,942.7,659.9,3,28.3,282.8,606.5,46.63,0.568,11.438,70.6,Excellent,305.47
379.5,151.2,0.0,153.9,15.9,1134.3,605.0,3,28.6,151.2,530.7,28.49,0.406,13.269,54.6,High,349.11
362.6,189.0,0.0,164.9,11.6,944.7,755.8,3,35.3,189.0,551.6,34.26,0.455,10.272,61.2,High,335.79
286.3,200.9,0.0,144.7,11.2,1004.6,803.7,3,24.4,200.9,487.20000000000005,41.24,0.505,11.733,66.0,High,267.72
362.6,189.0,0.0,164.9,11.6,944.7,755.8,3,35.3,189.0,551.6,34.26,0.455,10.272,61.2,High,335.79
439.0,177.0,0.0,186.0,11.1,884.9,707.9,3,39.3,177.0,616.0,28.73,0.424,11.17,56.1,High,403.95
389.9,189.0,0.0,145.9,22.0,944.7,755.8,3,40.6,189.0,578.9,32.65,0.374,9.603,60.4,High,360.36
362.6,189.0,0.0,164.9,11.6,944.7,755.8,3,35.3,189.0,551.6,34.26,0.455,10.272,61.2,High,335.79
337.9,189.0,0.0,174.9,9.5,944.7,755.8,3,24.1,189.0,526.9,35.87,0.518,14.02,60.1,High,313.56
374.0,189.2,0.0,170.1,10.1,926.1,756.7,7,46.2,189.2,563.2,33.59,0.455,8.095,62.1,High,346.06
313.3,262.2,0.0,175.5,8.6,1046.9,611.8,7,42.8,262.2,575.5,45.56,0.56,7.32,72.4,Excellent,295.08
425.0,106.3,0.0,153.5,16.5,852.1,887.1,7,49.2,106.3,531.3,20.01,0.361,8.638,50.7,High,387.82
425.0,106.3,0.0,151.4,18.6,936.0,803.7,7,46.8,106.3,531.3,20.01,0.356,9.081,50.4,High,387.82
375.0,93.8,0.0,126.6,23.4,852.1,992.6,7,45.7,93.8,468.8,20.01,0.338,8.206,51.0,High,342.19
475.0,118.8,0.0,181.1,8.9,852.1,781.5,7,55.6,118.8,593.8,20.01,0.381,8.543,50.7,High,433.44
469.0,117.2,0.0,137.8,32.2,852.1,840.5,7,54.9,117.2,586.2,19.99,0.294,8.543,50.7,High,427.96
425.0,106.3,0.0,153.5,16.5,852.1,887.1,7,49.2,106.3,531.3,20.01,0.361,8.638,50.7,High,387.82
388.6,97.1,0.0,157.9,12.1,852.1,925.7,7,34.9,97.1,485.70000000000005,19.99,0.406,11.134,49.0,Medium,354.6
531.3,0.0,0.0,141.8,28.2,852.1,893.7,7,46.9,0.0,531.3,0.0,0.267,11.328,32.6,Medium,478.17
425.0,106.3,0.0,153.5,16.5,852.1,887.1,7,49.2,106.3,531.3,20.01,0.361,8.638,50.7,High,387.82
318.8,212.5,0.0,155.7,14.3,852.1,880.4,7,33.4,212.5,531.3,40.0,0.488,9.545,66.4,High,297.54
401.8,94.7,0.0,147.4,11.4,946.8,852.1,7,54.1,94.7,496.5,19.07,0.367,7.427,50.7,High,366.36
362.6,189.0,0.0,164.9,11.6,944.7,755.8,7,55.9,189.0,551.6,34.26,0.455,6.486,63.7,High,335.79
323.7,282.8,0.0,183.8,10.3,942.7,659.9,7,49.8,282.8,606.5,46.63,0.568,6.5,73.8,Excellent,305.47
379.5,151.2,0.0,153.9,15.9,1134.3,605.0,7,47.1,151.2,530.7,28.49,0.406,8.057,58.0,High,349.11
362.6,189.0,0.0,164.9,11.6,944.7,755.8,7,55.9,189.0,551.6,34.26,0.455,6.486,63.7,High,335.79
286.3,200.9,0.0,144.7,11.2,1004.6,803.7,7,38.0,200.9,487.20000000000005,41.24,0.505,7.534,68.7,High,267.72
362.6,189.0,0.0,164.9,11.6,944.7,755.8,7,55.9,189.0,551.6,34.26,0.455,6.486,63.7,High,335.79
439.0,177.0,0.0,186.0,11.1,884.9,707.9,7,56.1,177.0,616.0,28.73,0.424,7.825,58.3,High,403.95
389.9,189.0,0.0,145.9,22.0,944.7,755.8,7,59.09,189.0,578.9,32.65,0.374,6.598,62.3,High,360.36
362.6,189.0,0.0,164.9,11.6,944.7,755.8,7,22.9,189.0,551.6,34.26,0.455,15.833,57.6,High,335.79
337.9,189.0,0.0,174.9,9.5,944.7,755.8,7,35.1,189.0,526.9,35.87,0.518,9.627,63.0,High,313.56
374.0,189.2,0.0,170.1,10.1,926.1,756.7,28,61.09,189.2,563.2,33.59,0.455,6.122,63.4,High,346.06
313.3,262.2,0.0,175.5,8.6,1046.9,611.8,28,59.8,262.2,575.5,45.56,0.56,5.239,73.7,Excellent,295.08
425.0,106.3,0.0,153.5,16.5,852.1,887.1,28,60.29,106.3,531.3,20.01,0.361,7.049,51.7,High,387.82
425.0,106.3,0.0,151.4,18.6,936.0,803.7,28,61.8,106.3,531.3,20.01,0.356,6.877,51.8,High,387.82
375.0,93.8,0.0,126.6,23.4,852.1,992.6,28,56.7,93.8,468.8,20.01,0.338,6.614,52.0,High,342.19
475.0,118.8,0.0,181.1,8.9,852.1,781.5,28,68.3,118.8,593.8,20.01,0.381,6.955,51.8,High,433.44
469.0,117.2,0.0,137.8,32.2,852.1,840.5,28,66.9,117.2,586.2,19.99,0.294,7.01,51.7,High,427.96
425.0,106.3,0.0,153.5,16.5,852.1,887.1,28,60.29,106.3,531.3,20.01,0.361,7.049,51.7,High,387.82
388.6,97.1,0.0,157.9,12.1,852.1,925.7,28,50.7,97.1,485.70000000000005,19.99,0.406,7.665,51.3,High,354.6
531.3,0.0,0.0,141.8,28.2,852.1,893.7,28,56.4,0.0,531.3,0.0,0.267,9.42,33.9,Medium,478.17
425.0,106.3,0.0,153.5,16.5,852.1,887.1,28,60.29,106.3,531.3,20.01,0.361,7.049,51.7,High,387.82
318.8,212.5,0.0,155.7,14.3,852.1,880.4,28,55.5,212.5,531.3,40.0,0.488,5.744,68.9,High,297.54
401.8,94.7,0.0,147.4,11.4,946.8,852.1,28,68.5,94.7,496.5,19.07,0.367,5.866,51.7,High,366.36
362.6,189.0,0.0,164.9,11.6,944.7,755.8,28,71.3,189.0,551.6,34.26,0.455,5.085,64.6,High,335.79
323.7,282.8,0.0,183.8,10.3,942.7,659.9,28,74.7,282.8,606.5,46.63,0.568,4.333,75.2,Excellent,305.47
379.5,151.2,0.0,153.9,15.9,1134.3,605.0,28,52.2,151.2,530.7,28.49,0.406,7.27,58.5,High,349.11
362.6,189.0,0.0,164.9,11.6,944.7,755.8,28,71.3,189.0,551.6,34.26,0.455,5.085,64.6,High,335.79
286.3,200.9,0.0,144.7,11.2,1004.6,803.7,28,67.7,200.9,487.20000000000005,41.24,0.505,4.229,70.9,Excellent,267.72
362.6,189.0,0.0,164.9,11.6,944.7,755.8,28,71.3,189.0,551.6,34.26,0.455,5.085,64.6,High,335.79
439.0,177.0,0.0,186.0,11.1,884.9,707.9,28,66.0,177.0,616.0,28.73,0.424,6.651,59.1,High,403.95
389.9,189.0,0.0,145.9,22.0,944.7,755.8,28,74.5,189.0,578.9,32.65,0.374,5.233,63.2,High,360.36
362.6,189.0,0.0,164.9,11.6,944.7,755.8,28,71.3,189.0,551.6,34.26,0.455,5.085,64.6,High,335.79
337.9,189.0,0.0,174.9,9.5,944.7,755.8,28,49.9,189.0,526.9,35.87,0.518,6.771,64.8,High,313.56
374.0,189.2,0.0,170.1,10.1,926.1,756.7,56,63.4,189.2,563.2,33.59,0.455,5.899,63.5,High,346.06
313.3,262.2,0.0,175.5,8.6,1046.9,611.8,56,64.9,262.2,575.5,45.56,0.56,4.827,74.0,Excellent,295.08
425.0,106.3,0.0,153.5,16.5,852.1,887.1,56,64.3,106.3,531.3,20.01,0.361,6.61,52.0,High,387.82
425.0,106.3,0.0,151.4,18.6,936.0,803.7,56,64.9,106.3,531.3,20.01,0.356,6.548,52.0,High,387.82
375.0,93.8,0.0,126.6,23.4,852.1,992.6,56,60.2,93.8,468.8,20.01,0.338,6.229,52.3,High,342.19
475.0,118.8,0.0,181.1,8.9,852.1,781.5,56,72.3,118.8,593.8,20.01,0.381,6.57,52.0,High,433.44
469.0,117.2,0.0,137.8,32.2,852.1,840.5,56,69.3,117.2,586.2,19.99,0.294,6.768,51.9,High,427.96
425.0,106.3,0.0,153.5,16.5,852.1,887.1,56,64.3,106.3,531.3,20.01,0.361,6.61,52.0,High,387.82
388.6,97.1,0.0,157.9,12.1,852.1,925.7,56,55.2,97.1,485.70000000000005,19.99,0.406,7.04,51.7,High,354.6
531.3,0.0,0.0,141.8,28.2,852.1,893.7,56,58.8,0.0,531.3,0.0,0.267,9.036,34.1,Medium,478.17
425.0,106.3,0.0,153.5,16.5,852.1,887.1,56,64.3,106.3,531.3,20.01,0.361,6.61,52.0,High,387.82
318.8,212.5,0.0,155.7,14.3,852.1,880.4,56,66.1,212.5,531.3,40.0,0.488,4.823,69.5,High,297.54
401.8,94.7,0.0,147.4,11.4,946.8,852.1,56,73.7,94.7,496.5,19.07,0.367,5.452,52.0,High,366.36
362.6,189.0,0.0,164.9,11.6,944.7,755.8,56,77.3,189.0,551.6,34.26,0.455,4.691,64.9,High,335.79
323.7,282.8,0.0,183.8,10.3,942.7,659.9,56,80.2,282.8,606.5,46.63,0.568,4.036,75.4,Excellent,305.47
379.5,151.2,0.0,153.9,15.9,1134.3,605.0,56,54.9,151.2,530.7,28.49,0.406,6.912,58.7,High,349.11
362.6,189.0,0.0,164.9,11.6,944.7,755.8,56,77.3,189.0,551.6,34.26,0.455,4.691,64.9,High,335.79
286.3,200.9,0.0,144.7,11.2,1004.6,803.7,56,72.99,200.9,487.20000000000005,41.24,0.505,3.922,71.1,Excellent,267.72
362.6,189.0,0.0,164.9,11.6,944.7,755.8,56,77.3,189.0,551.6,34.26,0.455,4.691,64.9,High,335.79
439.0,177.0,0.0,186.0,11.1,884.9,707.9,56,71.7,177.0,616.0,28.73,0.424,6.123,59.4,High,403.95
389.9,189.0,0.0,145.9,22.0,944.7,755.8,56,79.4,189.0,578.9,32.65,0.374,4.911,63.4,High,360.36
362.6,189.0,0.0,164.9,11.6,944.7,755.8,56,77.3,189.0,551.6,34.26,0.455,4.691,64.9,High,335.79
337.9,189.0,0.0,174.9,9.5,944.7,755.8,56,59.89,189.0,526.9,35.87,0.518,5.642,65.6,High,313.56
374.0,189.2,0.0,170.1,10.1,926.1,756.7,91,64.9,189.2,563.2,33.59,0.455,5.763,63.6,High,346.06
313.3,262.2,0.0,175.5,8.6,1046.9,611.8,91,66.6,262.2,575.5,45.56,0.56,4.704,74.1,Excellent,295.08
425.0,106.3,0.0,153.5,16.5,852.1,887.1,91,65.2,106.3,531.3,20.01,0.361,6.518,52.1,High,387.82
425.0,106.3,0.0,151.4,18.6,936.0,803.7,91,66.7,106.3,531.3,20.01,0.356,6.372,52.2,High,387.82
375.0,93.8,0.0,126.6,23.4,852.1,992.6,91,62.5,93.8,468.8,20.01,0.338,6.0,52.4,High,342.19
475.0,118.8,0.0,181.1,8.9,852.1,781.5,91,74.19,118.8,593.8,20.01,0.381,6.402,52.1,High,433.44
469.0,117.2,0.0,137.8,32.2,852.1,840.5,91,70.7,117.2,586.2,19.99,0.294,6.634,52.0,High,427.96
425.0,106.3,0.0,153.5,16.5,852.1,887.1,91,65.2,106.3,531.3,20.01,0.361,6.518,52.1,High,387.82
388.6,97.1,0.0,157.9,12.1,852.1,925.7,91,57.6,97.1,485.70000000000005,19.99,0.406,6.746,51.9,High,354.6
531.3,0.0,0.0,141.8,28.2,852.1,893.7,91,59.2,0.0,531.3,0.0,0.267,8.975,34.2,Medium,478.17
425.0,106.3,0.0,153.5,16.5,852.1,887.1,91,65.2,106.3,531.3,20.01,0.361,6.518,52.1,High,387.82
318.8,212.5,0.0,155.7,14.3,852.1,880.4,91,68.1,212.5,531.3,40.0,0.488,4.681,69.6,High,297.54
401.8,94.7,0.0,147.4,11.4,946.8,852.1,91,75.5,94.7,496.5,19.07,0.367,5.322,52.1,High,366.36
362.6,189.0,0.0,164.9,11.6,944.7,755.8,91,79.3,189.0,551.6,34.26,0.455,4.572,65.0,High,335.79
379.5,151.2,0.0,153.9,15.9,1134.3,605.0,91,56.5,151.2,530.7,28.49,0.406,6.717,58.8,High,349.11
362.6,189.0,0.0,164.9,11.6,944.7,755.8,91,79.3,189.0,551.6,34.26,0.455,4.572,65.0,High,335.79
286.3,200.9,0.0,144.7,11.2,1004.6,803.7,91,76.8,200.9,487.20000000000005,41.24,0.505,3.728,71.2,Excellent,267.72
362.6,189.0,0.0,164.9,11.6,944.7,755.8,91,79.3,189.0,551.6,34.26,0.455,4.572,65.0,High,335.79
439.0,177.0,0.0,186.0,11.1,884.9,707.9,91,73.3,177.0,616.0,28.73,0.424,5.989,59.5,High,403.95
389.9,189.0,0.0,145.9,22.0,944.7,755.8,91,82.6,189.0,578.9,32.65,0.374,4.72,63.5,High,360.36
362.6,189.0,0.0,164.9,11.6,944.7,755.8,91,79.3,189.0,551.6,34.26,0.455,4.572,65.0,High,335.79
337.9,189.0,0.0,174.9,9.5,944.7,755.8,91,67.8,189.0,526.9,35.87,0.518,4.984,66.0,High,313.56
222.4,0.0,96.7,189.3,4.5,967.1,870.3,3,11.58,96.7,319.1,30.3,0.851,19.204,52.2,High,205.0
222.4,0.0,96.7,189.3,4.5,967.1,870.3,14,24.45,96.7,319.1,30.3,0.851,9.096,58.8,High,205.0
222.4,0.0,96.7,189.3,4.5,967.1,870.3,28,24.89,96.7,319.1,30.3,0.851,8.935,58.9,High,205.0
222.4,0.0,96.7,189.3,4.5,967.1,870.3,56,29.45,96.7,319.1,30.3,0.851,7.552,59.8,High,205.0
222.4,0.0,96.7,189.3,4.5,967.1,870.3,100,40.71,96.7,319.1,30.3,0.851,5.463,61.1,High,205.0
233.8,0.0,94.6,197.9,4.6,947.0,852.2,3,10.38,94.6,328.4,28.81,0.846,22.522,48.8,Medium,215.15
233.8,0.0,94.6,197.9,4.6,947.0,852.2,14,22.14,94.6,328.4,28.81,0.846,10.56,56.6,High,215.15
233.8,0.0,94.6,197.9,4.6,947.0,852.2,28,22.84,94.6,328.4,28.81,0.846,10.236,56.8,High,215.15
233.8,0.0,94.6,197.9,4.6,947.0,852.2,56,27.66,94.6,328.4,28.81,0.846,8.452,58.0,High,215.15
233.8,0.0,94.6,197.9,4.6,947.0,852.2,100,34.56,94.6,328.4,28.81,0.846,6.765,59.1,High,215.15
194.7,0.0,100.5,165.6,7.5,1006.4,905.9,3,12.45,100.5,295.2,34.04,0.851,15.637,57.6,High,180.26
194.7,0.0,100.5,165.6,7.5,1006.4,905.9,14,24.99,100.5,295.2,34.04,0.851,7.791,62.7,High,180.26
194.7,0.0,100.5,165.6,7.5,1006.4,905.9,28,25.72,100.5,295.2,34.04,0.851,7.57,62.8,High,180.26
194.7,0.0,100.5,165.6,7.5,1006.4,905.9,56,33.96,100.5,295.2,34.04,0.851,5.733,64.0,High,180.26
194.7,0.0,100.5,165.6,7.5,1006.4,905.9,100,37.34,100.5,295.2,34.04,0.851,5.214,64.4,High,180.26
190.7,0.0,125.4,162.1,7.8,1090.0,804.0,3,15.04,125.4,316.1,39.67,0.85,12.679,64.1,High,177.9
190.7,0.0,125.4,162.1,7.8,1090.0,804.0,14,21.06,125.4,316.1,39.67,0.85,9.055,66.4,High,177.9
190.7,0.0,125.4,162.1,7.8,1090.0,804.0,28,26.4,125.4,316.1,39.67,0.85,7.223,67.6,High,177.9
190.7,0.0,125.4,162.1,7.8,1090.0,804.0,56,35.34,125.4,316.1,39.67,0.85,5.396,68.8,High,177.9
190.7,0.0,125.4,162.1,7.8,1090.0,804.0,100,40.57,125.4,316.1,39.67,0.85,4.7,69.3,High,177.9
212.1,0.0,121.6,180.3,5.7,1057.6,779.3,3,12.47,121.6,333.7,36.44,0.85,17.007,58.6,High,196.97
212.1,0.0,121.6,180.3,5.7,1057.6,779.3,14,20.92,121.6,333.7,36.44,0.85,10.138,63.1,High,196.97
212.1,0.0,121.6,180.3,5.7,1057.6,779.3,28,24.9,121.6,333.7,36.44,0.85,8.518,64.2,High,196.97
212.1,0.0,121.6,180.3,5.7,1057.6,779.3,56,34.2,121.6,333.7,36.44,0.85,6.202,65.7,High,196.97
212.1,0.0,121.6,180.3,5.7,1057.6,779.3,100,39.61,121.6,333.7,36.44,0.85,5.355,66.2,High,196.97
230.0,0.0,118.3,195.5,4.6,1029.4,758.6,3,10.03,118.3,348.3,33.96,0.85,22.929,52.7,High,212.92
230.0,0.0,118.3,195.5,4.6,1029.4,758.6,14,20.08,118.3,348.3,33.96,0.85,11.454,60.2,High,212.92
230.0,0.0,118.3,195.5,4.6,1029.4,758.6,28,24.48,118.3,348.3,33.96,0.85,9.395,61.6,High,212.92
230.0,0.0,118.3,195.5,4.6,1029.4,758.6,56,31.54,118.3,348.3,33.96,0.85,7.292,62.9,High,212.92
230.0,0.0,118.3,195.5,4.6,1029.4,758.6,100,35.34,118.3,348.3,33.96,0.85,6.508,63.4,High,212.92
190.3,0.0,125.2,161.9,9.9,1088.1,802.6,3,9.45,125.2,315.5,39.68,0.851,20.135,59.2,High,177.53
190.3,0.0,125.2,161.9,9.9,1088.1,802.6,14,22.72,125.2,315.5,39.68,0.851,8.376,66.9,High,177.53
190.3,0.0,125.2,161.9,9.9,1088.1,802.6,28,28.47,125.2,315.5,39.68,0.851,6.684,68.0,High,177.53
190.3,0.0,125.2,161.9,9.9,1088.1,802.6,56,38.56,125.2,315.5,39.68,0.851,4.935,69.1,High,177.53
190.3,0.0,125.2,161.9,9.9,1088.1,802.6,100,40.39,125.2,315.5,39.68,0.851,4.711,69.3,High,177.53
166.1,0.0,163.3,176.5,4.5,1058.6,780.1,3,10.76,163.3,329.4,49.57,1.063,15.435,70.4,Excellent,157.66
166.1,0.0,163.3,176.5,4.5,1058.6,780.1,14,25.48,163.3,329.4,49.57,1.063,6.519,76.2,Excellent,157.66
166.1,0.0,163.3,176.5,4.5,1058.6,780.1,28,21.54,163.3,329.4,49.57,1.063,7.711,75.4,Excellent,157.66
166.1,0.0,163.3,176.5,4.5,1058.6,780.1,56,28.63,163.3,329.4,49.57,1.063,5.801,76.6,Excellent,157.66
166.1,0.0,163.3,176.5,4.5,1058.6,780.1,100,33.54,163.3,329.4,49.57,1.063,4.952,77.2,Excellent,157.66
168.0,42.1,163.8,121.8,5.7,1058.7,780.1,3,7.75,205.9,373.9,55.07,0.725,21.675,70.8,Excellent,161.5
168.0,42.1,163.8,121.8,5.7,1058.7,780.1,14,17.82,205.9,373.9,55.07,0.725,9.427,78.8,Excellent,161.5
168.0,42.1,163.8,121.8,5.7,1058.7,780.1,28,24.24,205.9,373.9,55.07,0.725,6.93,80.4,Excellent,161.5
168.0,42.1,163.8,121.8,5.7,1058.7,780.1,56,32.85,205.9,373.9,55.07,0.725,5.114,81.6,Excellent,161.5
168.0,42.1,163.8,121.8,5.7,1058.7,780.1,100,39.23,205.9,373.9,55.07,0.725,4.282,82.1,Excellent,161.5
213.7,98.1,24.5,181.7,6.9,1065.8,785.4,3,18.0,122.6,336.29999999999995,36.46,0.85,11.872,62.0,High,198.46
213.7,98.1,24.5,181.7,6.9,1065.8,785.4,14,30.39,122.6,336.29999999999995,36.46,0.85,7.032,65.1,High,198.46
213.7,98.1,24.5,181.7,6.9,1065.8,785.4,28,45.71,122.6,336.29999999999995,36.46,0.85,4.675,66.7,High,198.46
213.7,98.1,24.5,181.7,6.9,1065.8,785.4,56,50.77,122.6,336.29999999999995,36.46,0.85,4.209,67.0,High,198.46
213.7,98.1,24.5,181.7,6.9,1065.8,785.4,100,53.9,122.6,336.29999999999995,36.46,0.85,3.965,67.1,High,198.46
213.8,98.1,24.5,181.7,6.7,1066.0,785.5,3,13.18,122.6,336.4,36.44,0.85,16.22,59.1,High,198.55
213.8,98.1,24.5,181.7,6.7,1066.0,785.5,14,17.84,122.6,336.4,36.44,0.85,11.984,61.9,High,198.55
213.8,98.1,24.5,181.7,6.7,1066.0,785.5,28,40.23,122.6,336.4,36.44,0.85,5.314,66.2,High,198.55
213.8,98.1,24.5,181.7,6.7,1066.0,785.5,56,47.13,122.6,336.4,36.44,0.85,4.536,66.8,High,198.55
213.8,98.1,24.5,181.7,6.7,1066.0,785.5,100,49.97,122.6,336.4,36.44,0.85,4.278,66.9,High,198.55
229.7,0.0,118.2,195.2,6.1,1028.1,757.6,3,13.36,118.2,347.9,33.98,0.85,17.192,56.5,High,212.64
229.7,0.0,118.2,195.2,6.1,1028.1,757.6,14,22.32,118.2,347.9,33.98,0.85,10.291,61.0,High,212.64
229.7,0.0,118.2,195.2,6.1,1028.1,757.6,28,24.54,118.2,347.9,33.98,0.85,9.36,61.6,High,212.64
229.7,0.0,118.2,195.2,6.1,1028.1,757.6,56,31.35,118.2,347.9,33.98,0.85,7.327,62.9,High,212.64
229.7,0.0,118.2,195.2,6.1,1028.1,757.6,100,40.86,118.2,347.9,33.98,0.85,5.621,64.0,High,212.64
238.1,0.0,94.1,186.7,7.0,949.9,847.0,3,19.93,94.1,332.2,28.33,0.784,11.946,55.3,High,219.0
238.1,0.0,94.1,186.7,7.0,949.9,847.0,14,25.69,94.1,332.2,28.33,0.784,9.268,57.1,High,219.0
238.1,0.0,94.1,186.7,7.0,949.9,847.0,28,30.23,94.1,332.2,28.33,0.784,7.876,58.0,High,219.0
238.1,0.0,94.1,186.7,7.0,949.9,847.0,56,39.59,94.1,332.2,28.33,0.784,6.014,59.2,High,219.0
238.1,0.0,94.1,186.7,7.0,949.9,847.0,100,44.3,94.1,332.2,28.33,0.784,5.375,59.6,High,219.0
250.0,0.0,95.7,187.4,5.5,956.9,861.2,3,13.82,95.7,345.7,27.68,0.75,18.088,50.8,High,229.78
250.0,0.0,95.7,187.4,5.5,956.9,861.2,14,24.92,95.7,345.7,27.68,0.75,10.032,56.0,High,229.78
250.0,0.0,95.7,187.4,5.5,956.9,861.2,28,29.22,95.7,345.7,27.68,0.75,8.555,57.0,High,229.78
250.0,0.0,95.7,187.4,5.5,956.9,861.2,56,38.33,95.7,345.7,27.68,0.75,6.522,58.3,High,229.78
250.0,0.0,95.7,187.4,5.5,956.9,861.2,100,42.35,95.7,345.7,27.68,0.75,5.903,58.7,High,229.78
212.5,0.0,100.4,159.3,8.7,1007.8,903.6,3,13.54,100.4,312.9,32.09,0.75,15.693,55.9,High,196.27
212.5,0.0,100.4,159.3,8.7,1007.8,903.6,14,26.31,100.4,312.9,32.09,0.75,8.076,60.9,High,196.27
212.5,0.0,100.4,159.3,8.7,1007.8,903.6,28,31.64,100.4,312.9,32.09,0.75,6.716,61.8,High,196.27
212.5,0.0,100.4,159.3,8.7,1007.8,903.6,56,42.55,100.4,312.9,32.09,0.75,4.994,62.9,High,196.27
212.5,0.0,100.4,159.3,8.7,1007.8,903.6,100,42.92,100.4,312.9,32.09,0.75,4.951,62.9,High,196.27
212.6,0.0,100.4,159.4,10.4,1003.8,903.8,3,13.33,100.4,313.0,32.08,0.75,15.948,55.8,High,196.36
212.6,0.0,100.4,159.4,10.4,1003.8,903.8,14,25.37,100.4,313.0,32.08,0.75,8.38,60.7,High,196.36
212.6,0.0,100.4,159.4,10.4,1003.8,903.8,28,37.4,100.4,313.0,32.08,0.75,5.684,62.4,High,196.36
212.6,0.0,100.4,159.4,10.4,1003.8,903.8,56,44.4,100.4,313.0,32.08,0.75,4.788,63.0,High,196.36
212.6,0.0,100.4,159.4,10.4,1003.8,903.8,100,47.74,100.4,313.0,32.08,0.75,4.453,63.3,High,196.36
212.0,0.0,124.8,159.0,7.8,1085.4,799.5,3,19.52,124.8,336.8,37.05,0.75,10.86,63.1,High,197.04
212.0,0.0,124.8,159.0,7.8,1085.4,799.5,14,31.35,124.8,336.8,37.05,0.75,6.762,65.8,High,197.04
212.0,0.0,124.8,159.0,7.8,1085.4,799.5,28,38.5,124.8,336.8,37.05,0.75,5.506,66.6,High,197.04
212.0,0.0,124.8,159.0,7.8,1085.4,799.5,56,45.08,124.8,336.8,37.05,0.75,4.703,67.1,High,197.04
212.0,0.0,124.8,159.0,7.8,1085.4,799.5,100,47.82,124.8,336.8,37.05,0.75,4.433,67.3,High,197.04
231.8,0.0,121.6,174.0,6.7,1056.4,778.5,3,15.44,121.6,353.4,34.41,0.751,15.012,58.3,High,214.7
231.8,0.0,121.6,174.0,6.7,1056.4,778.5,14,26.77,121.6,353.4,34.41,0.751,8.659,62.4,High,214.7
231.8,0.0,121.6,174.0,6.7,1056.4,778.5,28,33.73,121.6,353.4,34.41,0.751,6.872,63.6,High,214.7
231.8,0.0,121.6,174.0,6.7,1056.4,778.5,56,42.7,121.6,353.4,34.41,0.751,5.428,64.5,High,214.7
231.8,0.0,121.6,174.0,6.7,1056.4,778.5,100,45.84,121.6,353.4,34.41,0.751,5.057,64.8,High,214.7
251.4,0.0,118.3,188.5,5.8,1028.4,757.7,3,17.22,118.3,369.7,32.0,0.75,14.598,56.6,High,232.18
251.4,0.0,118.3,188.5,5.8,1028.4,757.7,14,29.93,118.3,369.7,32.0,0.75,8.399,60.6,High,232.18
251.4,0.0,118.3,188.5,5.8,1028.4,757.7,28,29.65,118.3,369.7,32.0,0.75,8.479,60.6,High,232.18
251.4,0.0,118.3,188.5,5.8,1028.4,757.7,56,36.97,118.3,369.7,32.0,0.75,6.8,61.7,High,232.18
251.4,0.0,118.3,188.5,5.8,1028.4,757.7,100,43.58,118.3,369.7,32.0,0.75,5.769,62.3,High,232.18
251.4,0.0,118.3,188.5,6.4,1028.4,757.7,3,13.12,118.3,369.7,32.0,0.75,19.16,53.6,High,232.18
251.4,0.0,118.3,188.5,6.4,1028.4,757.7,14,24.43,118.3,369.7,32.0,0.75,10.29,59.4,High,232.18
251.4,0.0,118.3,188.5,6.4,1028.4,757.7,28,32.66,118.3,369.7,32.0,0.75,7.697,61.1,High,232.18
251.4,0.0,118.3,188.5,6.4,1028.4,757.7,56,36.64,118.3,369.7,32.0,0.75,6.861,61.6,High,232.18
251.4,0.0,118.3,188.5,6.4,1028.4,757.7,100,44.21,118.3,369.7,32.0,0.75,5.686,62.4,High,232.18
181.4,0.0,167.0,169.6,7.6,1055.6,777.8,3,13.62,167.0,348.4,47.93,0.935,13.318,70.4,Excellent,171.61
181.4,0.0,167.0,169.6,7.6,1055.6,777.8,14,21.6,167.0,348.4,47.93,0.935,8.398,73.6,Excellent,171.61
181.4,0.0,167.0,169.6,7.6,1055.6,777.8,28,27.77,167.0,348.4,47.93,0.935,6.532,74.8,Excellent,171.61
181.4,0.0,167.0,169.6,7.6,1055.6,777.8,56,35.57,167.0,348.4,47.93,0.935,5.1,75.8,Excellent,171.61
181.4,0.0,167.0,169.6,7.6,1055.6,777.8,100,45.37,167.0,348.4,47.93,0.935,3.998,76.5,Excellent,171.61
182.0,45.2,122.0,170.2,8.2,1059.4,780.7,3,7.32,167.2,349.2,47.88,0.935,24.86,62.8,High,172.16
182.0,45.2,122.0,170.2,8.2,1059.4,780.7,14,21.5,167.2,349.2,47.88,0.935,8.465,73.5,Excellent,172.16
182.0,45.2,122.0,170.2,8.2,1059.4,780.7,28,31.27,167.2,349.2,47.88,0.935,5.82,75.2,Excellent,172.16
182.0,45.2,122.0,170.2,8.2,1059.4,780.7,56,43.5,167.2,349.2,47.88,0.935,4.184,76.3,Excellent,172.16
182.0,45.2,122.0,170.2,8.2,1059.4,780.7,100,48.67,167.2,349.2,47.88,0.935,3.739,76.6,Excellent,172.16
168.9,42.2,124.3,158.3,10.8,1080.8,796.2,3,7.4,166.5,335.40000000000003,49.64,0.937,22.821,65.6,High,160.34
168.9,42.2,124.3,158.3,10.8,1080.8,796.2,14,23.51,166.5,335.40000000000003,49.64,0.937,7.184,75.8,Excellent,160.34
168.9,42.2,124.3,158.3,10.8,1080.8,796.2,28,31.12,166.5,335.40000000000003,49.64,0.937,5.427,76.9,Excellent,160.34
168.9,42.2,124.3,158.3,10.8,1080.8,796.2,56,39.15,166.5,335.40000000000003,49.64,0.937,4.314,77.7,Excellent,160.34
168.9,42.2,124.3,158.3,10.8,1080.8,796.2,100,48.15,166.5,335.40000000000003,49.64,0.937,3.508,78.2,Excellent,160.34
290.4,0.0,96.2,168.1,9.4,961.2,865.0,3,22.5,96.2,386.59999999999997,24.88,0.579,12.906,51.9,High,266.17
290.4,0.0,96.2,168.1,9.4,961.2,865.0,14,34.67,96.2,386.59999999999997,24.88,0.579,8.376,54.8,High,266.17
290.4,0.0,96.2,168.1,9.4,961.2,865.0,28,34.74,96.2,386.59999999999997,24.88,0.579,8.359,54.8,High,266.17
290.4,0.0,96.2,168.1,9.4,961.2,865.0,56,45.08,96.2,386.59999999999997,24.88,0.579,6.442,56.1,High,266.17
290.4,0.0,96.2,168.1,9.4,961.2,865.0,100,48.97,96.2,386.59999999999997,24.88,0.579,5.93,56.4,High,266.17
277.1,0.0,97.4,160.6,11.8,973.9,875.6,3,23.14,97.4,374.5,26.01,0.58,11.974,53.4,High,254.26
277.1,0.0,97.4,160.6,11.8,973.9,875.6,14,41.89,97.4,374.5,26.01,0.58,6.615,56.9,High,254.26
277.1,0.0,97.4,160.6,11.8,973.9,875.6,28,48.28,97.4,374.5,26.01,0.58,5.739,57.5,High,254.26
277.1,0.0,97.4,160.6,11.8,973.9,875.6,56,51.04,97.4,374.5,26.01,0.58,5.429,57.7,High,254.26
277.1,0.0,97.4,160.6,11.8,973.9,875.6,100,55.64,97.4,374.5,26.01,0.58,4.98,58.0,High,254.26
295.7,0.0,95.6,171.5,8.9,955.1,859.2,3,22.95,95.6,391.29999999999995,24.43,0.58,12.884,51.5,High,270.91
295.7,0.0,95.6,171.5,8.9,955.1,859.2,14,35.23,95.6,391.29999999999995,24.43,0.58,8.393,54.4,High,270.91
295.7,0.0,95.6,171.5,8.9,955.1,859.2,28,39.94,95.6,391.29999999999995,24.43,0.58,7.403,55.1,High,270.91
295.7,0.0,95.6,171.5,8.9,955.1,859.2,56,48.72,95.6,391.29999999999995,24.43,0.58,6.069,56.0,High,270.91
295.7,0.0,95.6,171.5,8.9,955.1,859.2,100,52.04,95.6,391.29999999999995,24.43,0.58,5.682,56.2,High,270.91
251.8,0.0,99.9,146.1,12.4,1006.0,899.8,3,21.02,99.9,351.70000000000005,28.4,0.58,11.978,55.3,High,231.62
251.8,0.0,99.9,146.1,12.4,1006.0,899.8,14,33.36,99.9,351.70000000000005,28.4,0.58,7.548,58.2,High,231.62
251.8,0.0,99.9,146.1,12.4,1006.0,899.8,28,33.94,99.9,351.70000000000005,28.4,0.58,7.419,58.3,High,231.62
251.8,0.0,99.9,146.1,12.4,1006.0,899.8,56,44.14,99.9,351.70000000000005,28.4,0.58,5.704,59.4,High,231.62
251.8,0.0,99.9,146.1,12.4,1006.0,899.8,100,45.37,99.9,351.70000000000005,28.4,0.58,5.55,59.5,High,231.62
249.1,0.0,98.8,158.1,12.8,987.8,889.0,3,15.36,98.8,347.9,28.4,0.635,16.216,52.6,High,229.13
249.1,0.0,98.8,158.1,12.8,987.8,889.0,14,28.68,98.8,347.9,28.4,0.635,8.685,57.5,High,229.13
249.1,0.0,98.8,158.1,12.8,987.8,889.0,28,30.85,98.8,347.9,28.4,0.635,8.074,57.9,High,229.13
249.1,0.0,98.8,158.1,12.8,987.8,889.0,56,42.03,98.8,347.9,28.4,0.635,5.927,59.3,High,229.13
249.1,0.0,98.8,158.1,12.8,987.8,889.0,100,51.06,98.8,347.9,28.4,0.635,4.878,60.0,High,229.13
252.3,0.0,98.8,146.3,14.2,987.8,889.0,3,21.78,98.8,351.1,28.14,0.58,11.583,55.4,High,232.01
252.3,0.0,98.8,146.3,14.2,987.8,889.0,14,42.29,98.8,351.1,28.14,0.58,5.966,59.1,High,232.01
252.3,0.0,98.8,146.3,14.2,987.8,889.0,28,50.6,98.8,351.1,28.14,0.58,4.986,59.7,High,232.01
252.3,0.0,98.8,146.3,14.2,987.8,889.0,56,55.83,98.8,351.1,28.14,0.58,4.519,60.0,High,232.01
252.3,0.0,98.8,146.3,14.2,987.8,889.0,100,60.95,98.8,351.1,28.14,0.58,4.139,60.2,High,232.01
246.8,0.0,125.1,143.3,12.0,1086.8,800.9,3,23.52,125.1,371.9,33.64,0.581,10.493,60.6,High,228.38
246.8,0.0,125.1,143.3,12.0,1086.8,800.9,14,42.22,125.1,371.9,33.64,0.581,5.845,63.6,High,228.38
246.8,0.0,125.1,143.3,12.0,1086.8,800.9,28,52.5,125.1,371.9,33.64,0.581,4.701,64.4,High,228.38
246.8,0.0,125.1,143.3,12.0,1086.8,800.9,56,60.32,125.1,371.9,33.64,0.581,4.091,64.8,High,228.38
246.8,0.0,125.1,143.3,12.0,1086.8,800.9,100,66.42,125.1,371.9,33.64,0.581,3.716,65.0,High,228.38
275.1,0.0,121.4,159.5,9.9,1053.6,777.5,3,23.8,121.4,396.5,30.62,0.58,11.558,57.4,High,253.66
275.1,0.0,121.4,159.5,9.9,1053.6,777.5,14,38.77,121.4,396.5,30.62,0.58,7.096,60.3,High,253.66
275.1,0.0,121.4,159.5,9.9,1053.6,777.5,28,51.33,121.4,396.5,30.62,0.58,5.359,61.5,High,253.66
275.1,0.0,121.4,159.5,9.9,1053.6,777.5,56,56.85,121.4,396.5,30.62,0.58,4.839,61.8,High,253.66
275.1,0.0,121.4,159.5,9.9,1053.6,777.5,100,58.61,121.4,396.5,30.62,0.58,4.694,61.9,High,253.66
297.2,0.0,117.5,174.8,9.5,1022.8,753.5,3,21.91,117.5,414.7,28.33,0.588,13.564,54.3,High,273.36
297.2,0.0,117.5,174.8,9.5,1022.8,753.5,14,36.99,117.5,414.7,28.33,0.588,8.034,57.9,High,273.36
297.2,0.0,117.5,174.8,9.5,1022.8,753.5,28,47.4,117.5,414.7,28.33,0.588,6.27,59.0,High,273.36
297.2,0.0,117.5,174.8,9.5,1022.8,753.5,56,51.96,117.5,414.7,28.33,0.588,5.72,59.4,High,273.36
297.2,0.0,117.5,174.8,9.5,1022.8,753.5,100,56.74,117.5,414.7,28.33,0.588,5.238,59.7,High,273.36
213.7,0.0,174.7,154.8,10.2,1053.5,776.4,3,17.57,174.7,388.4,44.98,0.724,12.162,68.7,High,201.06
213.7,0.0,174.7,154.8,10.2,1053.5,776.4,14,33.73,174.7,388.4,44.98,0.724,6.335,72.5,Excellent,201.06
213.7,0.0,174.7,154.8,10.2,1053.5,776.4,28,40.15,174.7,388.4,44.98,0.724,5.322,73.2,Excellent,201.06
213.7,0.0,174.7,154.8,10.2,1053.5,776.4,56,46.64,174.7,388.4,44.98,0.724,4.582,73.7,Excellent,201.06
213.7,0.0,174.7,154.8,10.2,1053.5,776.4,100,50.08,174.7,388.4,44.98,0.724,4.267,73.9,Excellent,201.06
213.5,0.0,174.2,154.6,11.7,1052.3,775.5,3,17.37,174.2,387.7,44.93,0.724,12.291,68.6,High,200.86
213.5,0.0,174.2,154.6,11.7,1052.3,775.5,14,33.7,174.2,387.7,44.93,0.724,6.335,72.5,Excellent,200.86
213.5,0.0,174.2,154.6,11.7,1052.3,775.5,28,45.94,174.2,387.7,44.93,0.724,4.647,73.6,Excellent,200.86
213.5,0.0,174.2,154.6,11.7,1052.3,775.5,56,51.43,174.2,387.7,44.93,0.724,4.151,73.9,Excellent,200.86
213.5,0.0,174.2,154.6,11.7,1052.3,775.5,100,59.3,174.2,387.7,44.93,0.724,3.6,74.3,Excellent,200.86
277.2,97.8,24.5,160.7,11.2,1061.7,782.5,3,30.45,122.3,399.5,30.61,0.58,9.103,59.0,High,255.6
277.2,97.8,24.5,160.7,11.2,1061.7,782.5,14,47.71,122.3,399.5,30.61,0.58,5.81,61.2,High,255.6
277.2,97.8,24.5,160.7,11.2,1061.7,782.5,28,63.14,122.3,399.5,30.61,0.58,4.39,62.1,High,255.6
277.2,97.8,24.5,160.7,11.2,1061.7,782.5,56,66.82,122.3,399.5,30.61,0.58,4.148,62.3,High,255.6
277.2,97.8,24.5,160.7,11.2,1061.7,782.5,100,66.95,122.3,399.5,30.61,0.58,4.14,62.3,High,255.6
218.2,54.6,123.8,140.8,11.9,1075.7,792.7,3,27.42,178.4,396.6,44.98,0.645,7.957,71.5,Excellent,205.3
218.2,54.6,123.8,140.8,11.9,1075.7,792.7,14,35.96,178.4,396.6,44.98,0.645,6.068,72.7,Excellent,205.3
218.2,54.6,123.8,140.8,11.9,1075.7,792.7,28,55.51,178.4,396.6,44.98,0.645,3.931,74.1,Excellent,205.3
218.2,54.6,123.8,140.8,11.9,1075.7,792.7,56,61.99,178.4,396.6,44.98,0.645,3.52,74.4,Excellent,205.3
218.2,54.6,123.8,140.8,11.9,1075.7,792.7,100,63.53,178.4,396.6,44.98,0.645,3.435,74.4,Excellent,205.3
214.9,53.8,121.9,155.6,9.6,1014.3,780.6,3,18.02,175.7,390.6,44.98,0.724,11.925,68.9,High,202.2
214.9,53.8,121.9,155.6,9.6,1014.3,780.6,14,38.6,175.7,390.6,44.98,0.724,5.567,73.0,Excellent,202.2
214.9,53.8,121.9,155.6,9.6,1014.3,780.6,28,52.2,175.7,390.6,44.98,0.724,4.117,74.0,Excellent,202.2
214.9,53.8,121.9,155.6,9.6,1014.3,780.6,56,53.96,175.7,390.6,44.98,0.724,3.983,74.1,Excellent,202.2
214.9,53.8,121.9,155.6,9.6,1014.3,780.6,100,56.63,175.7,390.6,44.98,0.724,3.795,74.2,Excellent,202.2
218.9,0.0,124.1,158.5,11.3,1078.7,794.9,3,15.34,124.1,343.0,36.18,0.724,14.269,60.2,High,203.22
218.9,0.0,124.1,158.5,11.3,1078.7,794.9,14,26.05,124.1,343.0,36.18,0.724,8.403,64.0,High,203.22
218.9,0.0,124.1,158.5,11.3,1078.7,794.9,28,30.22,124.1,343.0,36.18,0.724,7.243,64.8,High,203.22
218.9,0.0,124.1,158.5,11.3,1078.7,794.9,56,37.27,124.1,343.0,36.18,0.724,5.873,65.7,High,203.22
218.9,0.0,124.1,158.5,11.3,1078.7,794.9,100,46.23,124.1,343.0,36.18,0.724,4.735,66.4,High,203.22
376.0,0.0,0.0,214.6,0.0,1003.5,762.4,3,16.28,0.0,376.0,0.0,0.571,23.094,25.0,Low,338.4
376.0,0.0,0.0,214.6,0.0,1003.5,762.4,14,25.62,0.0,376.0,0.0,0.571,14.675,30.4,Medium,338.4
376.0,0.0,0.0,214.6,0.0,1003.5,762.4,28,31.97,0.0,376.0,0.0,0.571,11.761,32.3,Medium,338.4
376.0,0.0,0.0,214.6,0.0,1003.5,762.4,56,36.3,0.0,376.0,0.0,0.571,10.358,33.3,Medium,338.4
376.0,0.0,0.0,214.6,0.0,1003.5,762.4,100,43.06,0.0,376.0,0.0,0.571,8.732,34.3,Medium,338.4
500.0,0.0,0.0,140.0,4.0,966.0,853.0,28,67.57,0.0,500.0,0.0,0.28,7.4,35.2,Medium,450.0
475.0,0.0,59.0,142.0,1.9,1098.0,641.0,28,57.23,59.0,534.0,11.05,0.299,8.3,43.6,Medium,430.45
315.0,137.0,0.0,145.0,5.9,1130.0,745.0,28,81.75,137.0,452.0,30.31,0.46,3.853,62.2,High,290.35
505.0,0.0,60.0,195.0,0.0,1030.0,630.0,28,64.02,60.0,565.0,10.62,0.386,7.888,43.5,Medium,457.5
451.0,0.0,0.0,165.0,11.3,1030.0,745.0,28,78.8,0.0,451.0,0.0,0.366,5.723,36.3,Medium,405.9
516.0,0.0,0.0,162.0,8.2,801.0,802.0,28,41.37,0.0,516.0,0.0,0.314,12.473,31.9,Medium,464.4
520.0,0.0,0.0,170.0,5.2,855.0,855.0,28,60.28,0.0,520.0,0.0,0.327,8.626,34.4,Medium,468.0
528.0,0.0,0.0,185.0,6.9,920.0,720.0,28,56.83,0.0,528.0,0.0,0.35,9.291,33.9,Medium,475.2
520.0,0.0,0.0,175.0,5.2,870.0,805.0,28,51.02,0.0,520.0,0.0,0.337,10.192,33.4,Medium,468.0
385.0,0.0,136.0,158.0,20.0,903.0,768.0,28,55.55,136.0,521.0,26.1,0.41,6.931,56.8,High,353.3
500.1,0.0,0.0,200.0,3.0,1124.4,613.2,28,44.13,0.0,500.1,0.0,0.4,11.332,32.6,Medium,450.09
450.1,50.0,0.0,200.0,3.0,1124.4,613.2,28,39.38,50.0,500.1,10.0,0.444,11.429,40.7,Medium,407.59
397.0,17.2,158.0,167.0,20.8,967.0,633.0,28,55.65,175.2,572.2,30.62,0.421,7.134,60.3,High,366.06
333.0,17.5,163.0,167.0,17.9,996.0,652.0,28,47.28,180.5,513.5,35.15,0.501,7.043,64.1,High,308.72
334.0,17.6,158.0,189.0,15.3,967.0,633.0,28,44.33,175.6,509.6,34.46,0.566,7.534,63.2,High,309.38
405.0,0.0,0.0,175.0,0.0,1120.0,695.0,28,52.3,0.0,405.0,0.0,0.432,7.744,35.0,Medium,364.5
200.0,200.0,0.0,190.0,0.0,1145.0,660.0,28,49.25,200.0,400.0,50.0,0.95,4.061,78.1,Excellent,190.0
516.0,0.0,0.0,162.0,8.3,801.0,802.0,28,41.37,0.0,516.0,0.0,0.314,12.473,31.9,Medium,464.4
145.0,116.0,119.0,184.0,5.7,833.0,880.0,28,29.16,235.0,380.0,61.84,1.269,4.972,87.2,Excellent,142.25
160.0,128.0,122.0,182.0,6.4,824.0,879.0,28,39.4,250.0,410.0,60.98,1.137,4.061,87.1,Excellent,156.5
234.0,156.0,0.0,189.0,5.9,981.0,760.0,28,39.3,156.0,390.0,40.0,0.808,5.954,68.7,High,218.4
250.0,180.0,95.0,159.0,9.5,860.0,800.0,28,67.87,275.0,525.0,52.38,0.636,3.683,80.3,Excellent,238.75
475.0,0.0,0.0,162.0,9.5,1044.0,662.0,28,58.52,0.0,475.0,0.0,0.341,8.117,34.7,Medium,427.5
285.0,190.0,0.0,163.0,7.6,1031.0,685.0,28,53.58,190.0,475.0,40.0,0.572,5.319,69.1,High,266.0
356.0,119.0,0.0,160.0,9.0,1061.0,657.0,28,59.0,119.0,475.0,25.05,0.449,6.034,56.5,High,326.35
275.0,180.0,120.0,162.0,10.4,830.0,765.0,28,76.24,300.0,575.0,52.17,0.589,3.607,80.2,Excellent,262.5
500.0,0.0,0.0,151.0,9.0,1033.0,655.0,28,69.84,0.0,500.0,0.0,0.302,7.159,35.3,Medium,450.0
165.0,0.0,143.6,163.8,0.0,1005.6,900.9,3,14.4,143.6,308.6,46.53,0.993,11.458,70.5,Excellent,155.68
165.0,128.5,132.1,175.1,8.1,1005.8,746.6,3,19.42,260.6,425.6,61.23,1.061,8.496,84.4,Excellent,161.53
178.0,129.8,118.6,179.9,3.6,1007.3,746.8,3,20.73,248.4,426.4,58.26,1.011,8.586,81.9,Excellent,172.62
167.4,129.9,128.6,175.5,7.8,1006.3,746.6,3,14.94,258.5,425.9,60.69,1.048,11.204,82.2,Excellent,163.58
172.4,13.6,172.4,156.8,4.1,1006.3,856.4,3,21.29,186.0,358.4,51.9,0.91,8.097,77.0,Excellent,164.46
173.5,50.1,173.5,164.8,6.5,1006.2,793.5,3,23.08,223.6,397.1,56.31,0.95,7.517,81.0,Excellent,167.33
167.0,75.4,167.0,164.0,7.9,1007.3,770.1,3,15.52,242.4,409.4,59.21,0.982,10.76,81.3,Excellent,162.42
173.8,93.4,159.9,172.3,9.7,1007.2,746.6,3,15.82,253.3,427.1,59.31,0.991,10.985,81.2,Excellent,169.08
190.3,0.0,125.2,166.6,9.9,1079.0,798.9,3,12.55,125.2,315.5,39.68,0.875,15.162,62.5,High,177.53
250.0,0.0,95.7,191.8,5.3,948.9,857.2,3,8.49,95.7,345.7,27.68,0.767,29.443,43.4,Medium,229.78
213.5,0.0,174.2,159.2,11.7,1043.6,771.9,3,15.61,174.2,387.7,44.93,0.746,13.676,67.7,High,200.86
194.7,0.0,100.5,170.2,7.5,998.0,901.8,3,12.18,100.5,295.2,34.04,0.874,15.984,57.3,High,180.26
251.4,0.0,118.3,192.9,5.8,1043.6,754.3,3,11.98,118.3,369.7,32.0,0.767,20.983,52.4,High,232.18
165.0,0.0,143.6,163.8,0.0,1005.6,900.9,14,16.88,143.6,308.6,46.53,0.993,9.774,71.6,Excellent,155.68
165.0,128.5,132.1,175.1,8.1,1005.8,746.6,14,33.09,260.6,425.6,61.23,1.061,4.986,86.7,Excellent,161.53
178.0,129.8,118.6,179.9,3.6,1007.3,746.8,14,34.24,248.4,426.4,58.26,1.011,5.198,84.1,Excellent,172.62
167.4,129.9,128.6,175.5,7.8,1006.3,746.6,14,31.81,258.5,425.9,60.69,1.048,5.262,86.0,Excellent,163.58
172.4,13.6,172.4,156.8,4.1,1006.3,856.4,14,29.75,186.0,358.4,51.9,0.91,5.795,78.5,Excellent,164.46
173.5,50.1,173.5,164.8,6.5,1006.2,793.5,14,33.01,223.6,397.1,56.31,0.95,5.256,82.5,Excellent,167.33
167.0,75.4,167.0,164.0,7.9,1007.3,770.1,14,32.9,242.4,409.4,59.21,0.982,5.076,85.0,Excellent,162.42
173.8,93.4,159.9,172.3,9.7,1007.2,746.6,14,29.55,253.3,427.1,59.31,0.991,5.881,84.5,Excellent,169.08
190.3,0.0,125.2,166.6,9.9,1079.0,798.9,14,19.42,125.2,315.5,39.68,0.875,9.799,66.0,High,177.53
250.0,0.0,95.7,191.8,5.3,948.9,857.2,14,24.66,95.7,345.7,27.68,0.767,10.137,56.0,High,229.78
213.5,0.0,174.2,159.2,11.7,1043.6,771.9,14,29.59,174.2,387.7,44.93,0.746,7.215,71.9,Excellent,200.86
194.7,0.0,100.5,170.2,7.5,998.0,901.8,14,24.28,100.5,295.2,34.04,0.874,8.019,62.5,High,180.26
251.4,0.0,118.3,192.9,5.8,1043.6,754.3,14,20.73,118.3,369.7,32.0,0.767,12.127,58.2,High,232.18
165.0,0.0,143.6,163.8,0.0,1005.6,900.9,28,26.2,143.6,308.6,46.53,0.993,6.297,73.8,Excellent,155.68
165.0,128.5,132.1,175.1,8.1,1005.8,746.6,28,46.39,260.6,425.6,61.23,1.061,3.557,87.6,Excellent,161.53
178.0,129.8,118.6,179.9,3.6,1007.3,746.8,28,39.16,248.4,426.4,58.26,1.011,4.545,84.5,Excellent,172.62
167.4,129.9,128.6,175.5,7.8,1006.3,746.6,28,41.2,258.5,425.9,60.69,1.048,4.063,86.8,Excellent,163.58
172.4,13.6,172.4,156.8,4.1,1006.3,856.4,28,33.69,186.0,358.4,51.9,0.91,5.117,79.0,Excellent,164.46
173.5,50.1,173.5,164.8,6.5,1006.2,793.5,28,38.2,223.6,397.1,56.31,0.95,4.542,82.9,Excellent,167.33
167.0,75.4,167.0,164.0,7.9,1007.3,770.1,28,41.41,242.4,409.4,59.21,0.982,4.033,85.6,Excellent,162.42
173.8,93.4,159.9,172.3,9.7,1007.2,746.6,28,37.81,253.3,427.1,59.31,0.991,4.597,85.4,Excellent,169.08
190.3,0.0,125.2,166.6,9.9,1079.0,798.9,28,24.85,125.2,315.5,39.68,0.875,7.658,67.4,High,177.53
250.0,0.0,95.7,191.8,5.3,948.9,857.2,28,27.22,95.7,345.7,27.68,0.767,9.184,56.6,High,229.78
213.5,0.0,174.2,159.2,11.7,1043.6,771.9,28,44.64,174.2,387.7,44.93,0.746,4.783,73.5,Excellent,200.86
194.7,0.0,100.5,170.2,7.5,998.0,901.8,28,37.27,100.5,295.2,34.04,0.874,5.224,64.3,High,180.26
251.4,0.0,118.3,192.9,5.8,1043.6,754.3,28,33.27,118.3,369.7,32.0,0.767,7.556,61.2,High,232.18
165.0,0.0,143.6,163.8,0.0,1005.6,900.9,56,36.56,143.6,308.6,46.53,0.993,4.513,75.0,Excellent,155.68
165.0,128.5,132.1,175.1,8.1,1005.8,746.6,56,53.72,260.6,425.6,61.23,1.061,3.071,87.9,Excellent,161.53
178.0,129.8,118.6,179.9,3.6,1007.3,746.8,56,48.59,248.4,426.4,58.26,1.011,3.663,85.1,Excellent,172.62
167.4,129.9,128.6,175.5,7.8,1006.3,746.6,56,51.72,258.5,425.9,60.69,1.048,3.237,87.4,Excellent,163.58
172.4,13.6,172.4,156.8,4.1,1006.3,856.4,56,35.85,186.0,358.4,51.9,0.91,4.809,79.2,Excellent,164.46
173.5,50.1,173.5,164.8,6.5,1006.2,793.5,56,53.77,223.6,397.1,56.31,0.95,3.227,83.8,Excellent,167.33
167.0,75.4,167.0,164.0,7.9,1007.3,770.1,56,53.46,242.4,409.4,59.21,0.982,3.124,86.2,Excellent,162.42
173.8,93.4,159.9,172.3,9.7,1007.2,746.6,56,48.99,253.3,427.1,59.31,0.991,3.548,86.0,Excellent,169.08
190.3,0.0,125.2,166.6,9.9,1079.0,798.9,56,31.72,125.2,315.5,39.68,0.875,5.999,68.4,High,177.53
250.0,0.0,95.7,191.8,5.3,948.9,857.2,56,39.64,95.7,345.7,27.68,0.767,6.307,58.5,High,229.78
213.5,0.0,174.2,159.2,11.7,1043.6,771.9,56,51.26,174.2,387.7,44.93,0.746,4.165,73.9,Excellent,200.86
194.7,0.0,100.5,170.2,7.5,998.0,901.8,56,43.39,100.5,295.2,34.04,0.874,4.487,64.8,High,180.26
251.4,0.0,118.3,192.9,5.8,1043.6,754.3,56,39.27,118.3,369.7,32.0,0.767,6.402,61.9,High,232.18
165.0,0.0,143.6,163.8,0.0,1005.6,900.9,100,37.96,143.6,308.6,46.53,0.993,4.347,75.1,Excellent,155.68
165.0,128.5,132.1,175.1,8.1,1005.8,746.6,100,55.02,260.6,425.6,61.23,1.061,2.999,88.0,Excellent,161.53
178.0,129.8,118.6,179.9,3.6,1007.3,746.8,100,49.99,248.4,426.4,58.26,1.011,3.561,85.2,Excellent,172.62
167.4,129.9,128.6,175.5,7.8,1006.3,746.6,100,53.66,258.5,425.9,60.69,1.048,3.12,87.4,Excellent,163.58
172.4,13.6,172.4,156.8,4.1,1006.3,856.4,100,37.68,186.0,358.4,51.9,0.91,4.575,79.3,Excellent,164.46
173.5,50.1,173.5,164.8,6.5,1006.2,793.5,100,56.06,223.6,397.1,56.31,0.95,3.095,83.9,Excellent,167.33
167.0,75.4,167.0,164.0,7.9,1007.3,770.1,100,56.81,242.4,409.4,59.21,0.982,2.94,86.4,Excellent,162.42
173.8,93.4,159.9,172.3,9.7,1007.2,746.6,100,50.94,253.3,427.1,59.31,0.991,3.412,86.1,Excellent,169.08
190.3,0.0,125.2,166.6,9.9,1079.0,798.9,100,33.56,125.2,315.5,39.68,0.875,5.67,68.7,High,177.53
250.0,0.0,95.7,191.8,5.3,948.9,857.2,100,41.16,95.7,345.7,27.68,0.767,6.074,58.6,High,229.78
213.5,0.0,174.2,159.2,11.7,1043.6,771.9,100,52.96,174.2,387.7,44.93,0.746,4.031,74.0,Excellent,200.86
194.7,0.0,100.5,170.2,7.5,998.0,901.8,100,44.28,100.5,295.2,34.04,0.874,4.397,64.9,High,180.26
251.4,0.0,118.3,192.9,5.8,1043.6,754.3,100,40.15,118.3,369.7,32.0,0.767,6.261,62.0,High,232.18
446.0,24.0,79.0,162.0,11.6,967.0,712.0,28,57.03,103.0,549.0,18.76,0.363,7.82,50.2,High,406.55
446.0,24.0,79.0,162.0,11.6,967.0,712.0,28,44.42,103.0,549.0,18.76,0.363,10.04,48.8,Medium,406.55
446.0,24.0,79.0,162.0,11.6,967.0,712.0,28,51.02,103.0,549.0,18.76,0.363,8.741,49.6,Medium,406.55
446.0,24.0,79.0,162.0,10.3,967.0,712.0,28,53.39,103.0,549.0,18.76,0.363,8.353,49.9,Medium,406.55
446.0,24.0,79.0,162.0,11.6,967.0,712.0,3,35.36,103.0,549.0,18.76,0.363,12.613,47.1,Medium,406.55
446.0,24.0,79.0,162.0,11.6,967.0,712.0,3,25.02,103.0,549.0,18.76,0.363,17.825,43.7,Medium,406.55
446.0,24.0,79.0,162.0,11.6,967.0,712.0,3,23.35,103.0,549.0,18.76,0.363,19.1,42.8,Medium,406.55
446.0,24.0,79.0,162.0,11.6,967.0,712.0,7,52.01,103.0,549.0,18.76,0.363,8.575,49.7,Medium,406.55
446.0,24.0,79.0,162.0,11.6,967.0,712.0,7,38.02,103.0,549.0,18.76,0.363,11.73,47.7,Medium,406.55
446.0,24.0,79.0,162.0,11.6,967.0,712.0,7,39.3,103.0,549.0,18.76,0.363,11.348,47.9,Medium,406.55
446.0,24.0,79.0,162.0,11.6,967.0,712.0,56,61.07,103.0,549.0,18.76,0.363,7.303,50.5,High,406.55
446.0,24.0,79.0,162.0,11.6,967.0,712.0,56,56.14,103.0,549.0,18.76,0.363,7.944,50.1,High,406.55
446.0,24.0,79.0,162.0,11.6,967.0,712.0,56,55.25,103.0,549.0,18.76,0.363,8.072,50.0,Medium,406.55
446.0,24.0,79.0,162.0,10.3,967.0,712.0,56,54.77,103.0,549.0,18.76,0.363,8.143,50.0,Medium,406.55
387.0,20.0,94.0,157.0,14.3,938.0,845.0,28,50.24,114.0,501.0,22.75,0.406,7.703,53.5,High,354.0
387.0,20.0,94.0,157.0,13.9,938.0,845.0,28,46.68,114.0,501.0,22.75,0.406,8.29,53.1,High,354.0
387.0,20.0,94.0,157.0,11.6,938.0,845.0,28,46.68,114.0,501.0,22.75,0.406,8.29,53.1,High,354.0
387.0,20.0,94.0,157.0,14.3,938.0,845.0,3,22.75,114.0,501.0,22.75,0.406,17.01,47.5,Medium,354.0
387.0,20.0,94.0,157.0,13.9,938.0,845.0,3,25.51,114.0,501.0,22.75,0.406,15.17,48.7,Medium,354.0
387.0,20.0,94.0,157.0,11.6,938.0,845.0,3,34.77,114.0,501.0,22.75,0.406,11.13,51.3,High,354.0
387.0,20.0,94.0,157.0,14.3,938.0,845.0,7,36.84,114.0,501.0,22.75,0.406,10.505,51.7,High,354.0
387.0,20.0,94.0,157.0,13.9,938.0,845.0,7,45.9,114.0,501.0,22.75,0.406,8.431,53.1,High,354.0
387.0,20.0,94.0,157.0,11.6,938.0,845.0,7,41.67,114.0,501.0,22.75,0.406,9.287,52.5,High,354.0
387.0,20.0,94.0,157.0,14.3,938.0,845.0,56,56.34,114.0,501.0,22.75,0.406,6.869,54.1,High,354.0
387.0,20.0,94.0,157.0,13.9,938.0,845.0,56,47.97,114.0,501.0,22.75,0.406,8.067,53.3,High,354.0
387.0,20.0,94.0,157.0,11.6,938.0,845.0,56,61.46,114.0,501.0,22.75,0.406,6.297,54.4,High,354.0
355.0,19.0,97.0,145.0,13.1,967.0,871.0,28,44.03,116.0,471.0,24.63,0.408,8.063,54.8,High,325.3
355.0,19.0,97.0,145.0,12.3,967.0,871.0,28,55.45,116.0,471.0,24.63,0.408,6.402,55.9,High,325.3
491.0,26.0,123.0,210.0,3.9,882.0,699.0,28,55.55,149.0,640.0,23.28,0.428,8.839,53.2,High,449.35
491.0,26.0,123.0,201.0,3.9,822.0,699.0,28,57.92,149.0,640.0,23.28,0.409,8.477,53.5,High,449.35
491.0,26.0,123.0,210.0,3.9,882.0,699.0,3,25.61,149.0,640.0,23.28,0.428,19.171,46.5,Medium,449.35
491.0,26.0,123.0,210.0,3.9,882.0,699.0,7,33.49,149.0,640.0,23.28,0.428,14.661,49.4,Medium,449.35
491.0,26.0,123.0,210.0,3.9,882.0,699.0,56,59.59,149.0,640.0,23.28,0.428,8.239,53.6,High,449.35
491.0,26.0,123.0,201.0,3.9,822.0,699.0,3,29.55,149.0,640.0,23.28,0.409,16.615,48.2,Medium,449.35
491.0,26.0,123.0,201.0,3.9,822.0,699.0,7,37.92,149.0,640.0,23.28,0.409,12.948,50.5,High,449.35
491.0,26.0,123.0,201.0,3.9,822.0,699.0,56,61.86,149.0,640.0,23.28,0.409,7.937,53.8,High,449.35
424.0,22.0,132.0,178.0,8.5,822.0,750.0,28,62.05,154.0,578.0,26.64,0.42,6.833,57.3,High,389.3
424.0,22.0,132.0,178.0,8.5,882.0,750.0,3,32.01,154.0,578.0,26.64,0.42,13.245,53.1,High,389.3
424.0,22.0,132.0,168.0,8.9,822.0,750.0,28,72.1,154.0,578.0,26.64,0.396,5.881,57.9,High,389.3
424.0,22.0,132.0,178.0,8.5,822.0,750.0,7,39.0,154.0,578.0,26.64,0.42,10.872,54.6,High,389.3
424.0,22.0,132.0,178.0,8.5,822.0,750.0,56,65.7,154.0,578.0,26.64,0.42,6.453,57.5,High,389.3
424.0,22.0,132.0,168.0,8.9,822.0,750.0,3,32.11,154.0,578.0,26.64,0.396,13.204,53.1,High,389.3
424.0,22.0,132.0,168.0,8.9,822.0,750.0,7,40.29,154.0,578.0,26.64,0.396,10.523,54.9,High,389.3
424.0,22.0,132.0,168.0,8.9,822.0,750.0,56,74.36,154.0,578.0,26.64,0.396,5.702,58.0,High,389.3
202.0,11.0,141.0,206.0,1.7,942.0,801.0,28,21.97,152.0,354.0,42.94,1.02,9.194,69.0,High,189.4
202.0,11.0,141.0,206.0,1.7,942.0,801.0,3,9.85,152.0,354.0,42.94,1.02,20.506,61.6,High,189.4
202.0,11.0,141.0,206.0,1.7,942.0,801.0,7,15.07,152.0,354.0,42.94,1.02,13.403,66.3,High,189.4
202.0,11.0,141.0,206.0,1.7,942.0,801.0,56,23.25,152.0,354.0,42.94,1.02,8.688,69.3,High,189.4
284.0,15.0,141.0,179.0,5.5,842.0,801.0,28,43.73,156.0,440.0,35.45,0.63,6.494,64.7,High,263.4
284.0,15.0,141.0,179.0,5.5,842.0,801.0,3,13.4,156.0,440.0,35.45,0.63,21.192,55.1,High,263.4
284.0,15.0,141.0,179.0,5.5,842.0,801.0,7,24.13,156.0,440.0,35.45,0.63,11.769,61.2,High,263.4
284.0,15.0,141.0,179.0,5.5,842.0,801.0,56,44.52,156.0,440.0,35.45,0.63,6.379,64.7,High,263.4
359.0,19.0,141.0,154.0,10.9,942.0,801.0,28,62.94,160.0,519.0,30.83,0.429,5.704,61.4,High,331.1
359.0,19.0,141.0,154.0,10.9,942.0,801.0,28,59.49,160.0,519.0,30.83,0.429,6.035,61.2,High,331.1
359.0,19.0,141.0,154.0,10.9,942.0,801.0,3,25.12,160.0,519.0,30.83,0.429,14.291,55.8,High,331.1
359.0,19.0,141.0,154.0,10.9,942.0,801.0,3,23.64,160.0,519.0,30.83,0.429,15.185,55.2,High,331.1
359.0,19.0,141.0,154.0,10.9,942.0,801.0,7,35.75,160.0,519.0,30.83,0.429,10.042,58.6,High,331.1
359.0,19.0,141.0,154.0,10.9,942.0,801.0,7,38.61,160.0,519.0,30.83,0.429,9.298,59.1,High,331.1
359.0,19.0,141.0,154.0,10.9,942.0,801.0,56,68.75,160.0,519.0,30.83,0.429,5.222,61.7,High,331.1
359.0,19.0,141.0,154.0,10.9,942.0,801.0,56,66.78,160.0,519.0,30.83,0.429,5.376,61.6,High,331.1
436.0,0.0,0.0,218.0,0.0,838.4,719.7,28,23.85,0.0,436.0,0.0,0.5,18.28,28.1,Low,392.4
289.0,0.0,0.0,192.0,0.0,913.2,895.3,90,32.07,0.0,289.0,0.0,0.664,9.011,34.1,Medium,260.1
289.0,0.0,0.0,192.0,0.0,913.2,895.3,3,11.65,0.0,289.0,0.0,0.664,24.805,23.8,Low,260.1
393.0,0.0,0.0,192.0,0.0,940.6,785.6,3,19.2,0.0,393.0,0.0,0.489,20.468,26.7,Low,353.7
393.0,0.0,0.0,192.0,0.0,940.6,785.6,90,48.85,0.0,393.0,0.0,0.489,8.045,34.8,Medium,353.7
393.0,0.0,0.0,192.0,0.0,940.6,785.6,28,39.6,0.0,393.0,0.0,0.489,9.924,33.5,Medium,353.7
480.0,0.0,0.0,192.0,0.0,936.2,712.2,28,43.94,0.0,480.0,0.0,0.4,10.924,32.9,Medium,432.0
480.0,0.0,0.0,192.0,0.0,936.2,712.2,7,34.57,0.0,480.0,0.0,0.4,13.884,31.0,Medium,432.0
480.0,0.0,0.0,192.0,0.0,936.2,712.2,90,54.32,0.0,480.0,0.0,0.4,8.836,34.2,Medium,432.0
480.0,0.0,0.0,192.0,0.0,936.2,712.2,3,24.4,0.0,480.0,0.0,0.4,19.671,27.2,Low,432.0
333.0,0.0,0.0,192.0,0.0,931.2,842.6,3,15.62,0.0,333.0,0.0,0.577,21.317,26.1,Low,299.7
255.0,0.0,0.0,192.0,0.0,889.8,945.0,90,21.86,0.0,255.0,0.0,0.753,11.665,32.4,Medium,229.5
255.0,0.0,0.0,192.0,0.0,889.8,945.0,7,10.22,0.0,255.0,0.0,0.753,24.949,23.7,Low,229.5
289.0,0.0,0.0,192.0,0.0,913.2,895.3,7,14.6,0.0,289.0,0.0,0.664,19.793,27.1,Low,260.1
255.0,0.0,0.0,192.0,0.0,889.8,945.0,28,18.75,0.0,255.0,0.0,0.753,13.599,31.1,Medium,229.5
333.0,0.0,0.0,192.0,0.0,931.2,842.6,28,31.97,0.0,333.0,0.0,0.577,10.416,33.2,Medium,299.7
333.0,0.0,0.0,192.0,0.0,931.2,842.6,7,23.4,0.0,333.0,0.0,0.577,14.23,30.7,Medium,299.7
289.0,0.0,0.0,192.0,0.0,913.2,895.3,28,25.57,0.0,289.0,0.0,0.664,11.302,32.6,Medium,260.1
333.0,0.0,0.0,192.0,0.0,931.2,842.6,90,41.68,0.0,333.0,0.0,0.577,7.989,34.8,Medium,299.7
393.0,0.0,0.0,192.0,0.0,940.6,785.6,7,27.74,0.0,393.0,0.0,0.489,14.167,30.8,Medium,353.7
255.0,0.0,0.0,192.0,0.0,889.8,945.0,3,8.2,0.0,255.0,0.0,0.753,31.094,19.7,Low,229.5
158.8,238.2,0.0,185.7,0.0,1040.6,734.3,7,9.62,238.2,397.0,60.0,1.169,16.506,78.2,Excellent,154.83
239.6,359.4,0.0,185.7,0.0,941.6,664.3,7,25.42,359.4,599.0,60.0,0.775,9.425,82.8,Excellent,233.61
238.2,158.8,0.0,185.7,0.0,1040.6,734.3,7,15.69,158.8,397.0,40.0,0.78,15.181,62.7,High,222.32
181.9,272.8,0.0,185.7,0.0,1012.4,714.3,28,27.94,272.8,454.70000000000005,60.0,1.021,6.51,84.7,Excellent,177.35
193.5,290.2,0.0,185.7,0.0,998.2,704.3,28,32.63,290.2,483.7,60.0,0.96,5.93,85.0,Excellent,188.66
255.5,170.3,0.0,185.7,0.0,1026.6,724.3,7,17.24,170.3,425.8,40.0,0.727,14.819,63.0,High,238.47
272.8,181.9,0.0,185.7,0.0,1012.4,714.3,7,19.77,181.9,454.70000000000005,40.0,0.681,13.798,63.6,High,254.62
239.6,359.4,0.0,185.7,0.0,941.6,664.3,28,39.44,359.4,599.0,60.0,0.775,6.075,85.0,Excellent,233.61
220.8,147.2,0.0,185.7,0.0,1055.0,744.3,28,25.75,147.2,368.0,40.0,0.841,8.574,67.0,High,206.08
397.0,0.0,0.0,185.7,0.0,1040.6,734.3,28,33.08,0.0,397.0,0.0,0.468,12.001,32.2,Medium,357.3
382.5,0.0,0.0,185.7,0.0,1047.8,739.3,7,24.07,0.0,382.5,0.0,0.485,15.89,29.6,Low,344.25
210.7,316.1,0.0,185.7,0.0,977.0,689.3,7,21.82,316.1,526.8,60.0,0.881,9.656,82.6,Excellent,205.44
158.8,238.2,0.0,185.7,0.0,1040.6,734.3,28,21.07,238.2,397.0,60.0,1.169,7.536,84.0,Excellent,154.83
295.8,0.0,0.0,185.7,0.0,1091.4,769.3,7,14.84,0.0,295.8,0.0,0.628,19.931,27.0,Low,266.22
255.5,170.3,0.0,185.7,0.0,1026.6,724.3,28,32.05,170.3,425.8,40.0,0.727,7.972,67.4,High,238.47
203.5,135.7,0.0,185.7,0.0,1076.2,759.3,7,11.96,135.7,339.2,40.01,0.913,17.014,61.5,High,189.94
397.0,0.0,0.0,185.7,0.0,1040.6,734.3,7,25.45,0.0,397.0,0.0,0.468,15.599,29.8,Low,357.3
381.4,0.0,0.0,185.7,0.0,1104.6,784.3,28,22.49,0.0,381.4,0.0,0.487,16.958,29.0,Low,343.26
295.8,0.0,0.0,185.7,0.0,1091.4,769.3,28,25.22,0.0,295.8,0.0,0.628,11.728,32.4,Medium,266.22
228.0,342.1,0.0,185.7,0.0,955.8,674.3,28,39.7,342.1,570.1,60.01,0.814,5.743,85.2,Excellent,222.3
220.8,147.2,0.0,185.7,0.0,1055.0,744.3,7,13.09,147.2,368.0,40.0,0.841,16.867,61.6,High,206.08
316.1,210.7,0.0,185.7,0.0,977.0,689.3,28,38.7,210.7,526.8,40.0,0.587,8.168,67.3,High,295.03
135.7,203.5,0.0,185.7,0.0,1076.2,759.3,7,7.51,203.5,339.2,59.99,1.368,18.067,77.1,Excellent,132.3
238.1,0.0,0.0,185.7,0.0,1118.8,789.3,28,17.58,0.0,238.1,0.0,0.78,13.543,31.2,Medium,214.29
339.2,0.0,0.0,185.7,0.0,1069.2,754.3,7,21.18,0.0,339.2,0.0,0.547,16.014,29.6,Low,305.28
135.7,203.5,0.0,185.7,0.0,1076.2,759.3,28,18.2,203.5,339.2,59.99,1.368,7.456,84.0,Excellent,132.3
193.5,290.2,0.0,185.7,0.0,998.2,704.3,7,17.2,290.2,483.7,60.0,0.96,11.249,81.6,Excellent,188.66
203.5,135.7,0.0,185.7,0.0,1076.2,759.3,28,22.63,135.7,339.2,40.01,0.913,8.992,66.8,High,189.94
290.2,193.5,0.0,185.7,0.0,998.2,704.3,7,21.86,193.5,483.7,40.0,0.64,13.275,64.0,High,270.86
181.9,272.8,0.0,185.7,0.0,1012.4,714.3,7,12.37,272.8,454.70000000000005,60.0,1.021,14.704,79.3,Excellent,177.35
170.3,155.5,0.0,185.7,0.0,1026.6,724.3,28,25.73,155.5,325.8,47.73,1.09,6.618,74.6,Excellent,161.05
210.7,316.1,0.0,185.7,0.0,977.0,689.3,28,37.81,316.1,526.8,60.0,0.881,5.572,85.3,Excellent,205.44
228.0,342.1,0.0,185.7,0.0,955.8,674.3,7,21.92,342.1,570.1,60.01,0.814,10.401,82.1,Excellent,222.3
290.2,193.5,0.0,185.7,0.0,998.2,704.3,28,33.04,193.5,483.7,40.0,0.64,8.783,66.9,High,270.86
381.4,0.0,0.0,185.7,0.0,1104.6,784.3,7,14.54,0.0,381.4,0.0,0.487,26.229,22.9,Low,343.26
238.2,158.8,0.0,185.7,0.0,1040.6,734.3,28,26.91,158.8,397.0,40.0,0.78,8.851,66.8,High,222.32
186.2,124.1,0.0,185.7,0.0,1083.4,764.3,7,8.0,124.1,310.29999999999995,39.99,0.997,23.272,57.4,High,173.78
339.2,0.0,0.0,185.7,0.0,1069.2,754.3,28,31.9,0.0,339.2,0.0,0.547,10.633,33.1,Medium,305.28
238.1,0.0,0.0,185.7,0.0,1118.8,789.3,7,10.34,0.0,238.1,0.0,0.78,23.025,25.0,Low,214.29
252.5,0.0,0.0,185.7,0.0,1111.6,784.3,28,19.77,0.0,252.5,0.0,0.735,12.771,31.7,Medium,227.25
382.5,0.0,0.0,185.7,0.0,1047.8,739.3,28,37.44,0.0,382.5,0.0,0.485,10.216,33.3,Medium,344.25
252.5,0.0,0.0,185.7,0.0,1111.6,784.3,7,11.48,0.0,252.5,0.0,0.735,21.993,25.7,Low,227.25
316.1,210.7,0.0,185.7,0.0,977.0,689.3,7,24.44,210.7,526.8,40.0,0.587,12.933,64.2,High,295.03
186.2,124.1,0.0,185.7,0.0,1083.4,764.3,28,17.6,124.1,310.29999999999995,39.99,0.997,10.579,65.7,High,173.78
170.3,155.5,0.0,185.7,0.0,1026.6,724.3,7,10.73,155.5,325.8,47.73,1.09,15.87,68.6,High,161.05
272.8,181.9,0.0,185.7,0.0,1012.4,714.3,28,31.38,181.9,454.70000000000005,40.0,0.681,8.693,66.9,High,254.62
339.0,0.0,0.0,197.0,0.0,968.0,781.0,3,13.22,0.0,339.0,0.0,0.581,25.641,23.3,Low,305.1
339.0,0.0,0.0,197.0,0.0,968.0,781.0,7,20.97,0.0,339.0,0.0,0.581,16.165,29.5,Low,305.1
339.0,0.0,0.0,197.0,0.0,968.0,781.0,14,27.04,0.0,339.0,0.0,0.581,12.537,31.8,Medium,305.1
339.0,0.0,0.0,197.0,0.0,968.0,781.0,28,32.04,0.0,339.0,0.0,0.581,10.58,33.1,Medium,305.1
339.0,0.0,0.0,197.0,0.0,968.0,781.0,90,35.17,0.0,339.0,0.0,0.581,9.639,33.7,Medium,305.1
339.0,0.0,0.0,197.0,0.0,968.0,781.0,180,36.45,0.0,339.0,0.0,0.581,9.3,33.9,Medium,305.1
339.0,0.0,0.0,197.0,0.0,968.0,781.0,365,38.89,0.0,339.0,0.0,0.581,8.717,34.3,Medium,305.1
236.0,0.0,0.0,194.0,0.0,968.0,885.0,3,6.47,0.0,236.0,0.0,0.822,36.47,16.2,Low,212.4
236.0,0.0,0.0,194.0,0.0,968.0,885.0,14,12.84,0.0,236.0,0.0,0.822,18.379,28.0,Low,212.4
236.0,0.0,0.0,194.0,0.0,968.0,885.0,28,18.42,0.0,236.0,0.0,0.822,12.811,31.7,Medium,212.4
236.0,0.0,0.0,194.0,0.0,968.0,885.0,90,21.95,0.0,236.0,0.0,0.822,10.751,33.0,Medium,212.4
236.0,0.0,0.0,193.0,0.0,968.0,885.0,180,24.1,0.0,236.0,0.0,0.818,9.792,33.6,Medium,212.4
236.0,0.0,0.0,193.0,0.0,968.0,885.0,365,25.08,0.0,236.0,0.0,0.818,9.41,33.9,Medium,212.4
277.0,0.0,0.0,191.0,0.0,968.0,856.0,14,21.26,0.0,277.0,0.0,0.69,13.029,31.5,Medium,249.3
277.0,0.0,0.0,191.0,0.0,968.0,856.0,28,25.97,0.0,277.0,0.0,0.69,10.666,33.1,Medium,249.3
277.0,0.0,0.0,191.0,0.0,968.0,856.0,3,11.36,0.0,277.0,0.0,0.69,24.382,24.1,Low,249.3
277.0,0.0,0.0,191.0,0.0,968.0,856.0,90,31.25,0.0,277.0,0.0,0.69,8.864,34.2,Medium,249.3
277.0,0.0,0.0,191.0,0.0,968.0,856.0,180,32.33,0.0,277.0,0.0,0.69,8.568,34.4,Medium,249.3
277.0,0.0,0.0,191.0,0.0,968.0,856.0,360,33.7,0.0,277.0,0.0,0.69,8.219,34.6,Medium,249.3
254.0,0.0,0.0,198.0,0.0,968.0,863.0,3,9.31,0.0,254.0,0.0,0.78,27.28,22.2,Low,228.6
254.0,0.0,0.0,198.0,0.0,968.0,863.0,90,26.94,0.0,254.0,0.0,0.78,9.428,33.9,Medium,228.6
254.0,0.0,0.0,198.0,0.0,968.0,863.0,180,27.63,0.0,254.0,0.0,0.78,9.193,34.0,Medium,228.6
254.0,0.0,0.0,198.0,0.0,968.0,863.0,365,29.79,0.0,254.0,0.0,0.78,8.526,34.4,Medium,228.6
307.0,0.0,0.0,193.0,0.0,968.0,812.0,180,34.49,0.0,307.0,0.0,0.629,8.901,34.2,Medium,276.3
307.0,0.0,0.0,193.0,0.0,968.0,812.0,365,36.15,0.0,307.0,0.0,0.629,8.492,34.5,Medium,276.3
307.0,0.0,0.0,193.0,0.0,968.0,812.0,3,12.54,0.0,307.0,0.0,0.629,24.48,24.1,Low,276.3
307.0,0.0,0.0,193.0,0.0,968.0,812.0,28,27.53,0.0,307.0,0.0,0.629,11.151,32.7,Medium,276.3
307.0,0.0,0.0,193.0,0.0,968.0,812.0,90,32.92,0.0,307.0,0.0,0.629,9.325,33.9,Medium,276.3
236.0,0.0,0.0,193.0,0.0,968.0,885.0,7,9.99,0.0,236.0,0.0,0.818,23.621,24.6,Low,212.4
200.0,0.0,0.0,180.0,0.0,1125.0,845.0,7,7.84,0.0,200.0,0.0,0.9,25.507,23.4,Low,180.0
200.0,0.0,0.0,180.0,0.0,1125.0,845.0,28,12.25,0.0,200.0,0.0,0.9,16.325,29.4,Low,180.0
225.0,0.0,0.0,181.0,0.0,1113.0,833.0,7,11.17,0.0,225.0,0.0,0.804,20.141,26.9,Low,202.5
225.0,0.0,0.0,181.0,0.0,1113.0,833.0,28,17.34,0.0,225.0,0.0,0.804,12.975,31.5,Medium,202.5
325.0,0.0,0.0,184.0,0.0,1063.0,783.0,7,17.54,0.0,325.0,0.0,0.566,18.528,27.9,Low,292.5
325.0,0.0,0.0,184.0,0.0,1063.0,783.0,28,30.57,0.0,325.0,0.0,0.566,10.631,33.1,Medium,292.5
275.0,0.0,0.0,183.0,0.0,1088.0,808.0,7,14.2,0.0,275.0,0.0,0.665,19.365,27.4,Low,247.5
275.0,0.0,0.0,183.0,0.0,1088.0,808.0,28,24.5,0.0,275.0,0.0,0.665,11.224,32.7,Medium,247.5
300.0,0.0,0.0,184.0,0.0,1075.0,795.0,7,15.58,0.0,300.0,0.0,0.613,19.254,27.5,Low,270.0
300.0,0.0,0.0,184.0,0.0,1075.0,795.0,28,26.85,0.0,300.0,0.0,0.613,11.173,32.7,Medium,270.0
375.0,0.0,0.0,186.0,0.0,1038.0,758.0,7,26.06,0.0,375.0,0.0,0.496,14.389,30.6,Medium,337.5
375.0,0.0,0.0,186.0,0.0,1038.0,758.0,28,38.21,0.0,375.0,0.0,0.496,9.814,33.6,Medium,337.5
400.0,0.0,0.0,187.0,0.0,1025.0,745.0,28,43.7,0.0,400.0,0.0,0.467,9.153,34.0,Medium,360.0
400.0,0.0,0.0,187.0,0.0,1025.0,745.0,7,30.14,0.0,400.0,0.0,0.467,13.271,31.4,Medium,360.0
250.0,0.0,0.0,182.0,0.0,1100.0,820.0,7,12.73,0.0,250.0,0.0,0.728,19.637,27.2,Low,225.0
250.0,0.0,0.0,182.0,0.0,1100.0,820.0,28,20.87,0.0,250.0,0.0,0.728,11.978,32.2,Medium,225.0
350.0,0.0,0.0,186.0,0.0,1050.0,770.0,7,20.28,0.0,350.0,0.0,0.531,17.258,28.8,Low,315.0
350.0,0.0,0.0,186.0,0.0,1050.0,770.0,28,34.29,0.0,350.0,0.0,0.531,10.207,33.3,Medium,315.0
203.5,305.3,0.0,203.5,0.0,963.4,630.0,7,19.54,305.3,508.8,60.0,1.0,10.414,82.1,Excellent,198.42
250.2,166.8,0.0,203.5,0.0,977.6,694.1,90,47.71,166.8,417.0,40.0,0.813,5.244,69.2,High,233.52
157.0,236.0,0.0,192.0,0.0,935.4,781.2,90,43.38,236.0,393.0,60.05,1.223,3.619,86.6,Excellent,153.1
141.3,212.0,0.0,203.5,0.0,971.8,748.5,28,29.89,212.0,353.3,60.01,1.44,4.727,85.8,Excellent,137.77
166.8,250.2,0.0,203.5,0.0,975.6,692.6,3,6.9,250.2,417.0,60.0,1.22,24.17,73.2,Excellent,162.63
122.6,183.9,0.0,203.5,0.0,958.2,800.1,90,33.19,183.9,306.5,60.0,1.66,3.694,86.5,Excellent,119.54
183.9,122.6,0.0,203.5,0.0,959.2,800.0,3,4.9,122.6,306.5,40.0,1.107,37.523,48.2,Medium,171.64
102.0,153.0,0.0,192.0,0.0,887.0,942.0,3,4.57,153.0,255.0,60.0,1.882,22.315,74.4,Excellent,99.45
102.0,153.0,0.0,192.0,0.0,887.0,942.0,90,25.46,153.0,255.0,60.0,1.882,4.006,86.3,Excellent,99.45
122.6,183.9,0.0,203.5,0.0,958.2,800.1,28,24.29,183.9,306.5,60.0,1.66,5.047,85.6,Excellent,119.54
166.8,250.2,0.0,203.5,0.0,975.6,692.6,28,33.95,250.2,417.0,60.0,1.22,4.913,85.7,Excellent,162.63
200.0,133.0,0.0,192.0,0.0,965.4,806.2,3,11.41,133.0,333.0,39.94,0.96,17.527,61.1,High,186.65
108.3,162.4,0.0,203.5,0.0,938.2,849.0,28,20.59,162.4,270.7,59.99,1.879,5.26,85.5,Excellent,105.59
305.3,203.5,0.0,203.5,0.0,965.4,631.0,7,25.89,203.5,508.8,40.0,0.667,11.792,64.9,High,284.95
108.3,162.4,0.0,203.5,0.0,938.2,849.0,90,29.23,162.4,270.7,59.99,1.879,3.705,86.5,Excellent,105.59
116.0,173.0,0.0,192.0,0.0,909.8,891.9,90,31.02,173.0,289.0,59.86,1.655,3.739,86.4,Excellent,113.05
141.3,212.0,0.0,203.5,0.0,971.8,748.5,7,10.39,212.0,353.3,60.01,1.44,13.598,80.1,Excellent,137.77
157.0,236.0,0.0,192.0,0.0,935.4,781.2,28,33.66,236.0,393.0,60.05,1.223,4.664,85.9,Excellent,153.1
133.0,200.0,0.0,192.0,0.0,927.4,839.2,28,27.87,200.0,333.0,60.06,1.444,4.772,85.9,Excellent,129.7
250.2,166.8,0.0,203.5,0.0,977.6,694.1,7,19.35,166.8,417.0,40.0,0.813,12.93,64.2,High,233.52
173.0,116.0,0.0,192.0,0.0,946.8,856.8,7,11.39,116.0,289.0,40.14,1.11,15.187,62.8,High,161.5
192.0,288.0,0.0,192.0,0.0,929.8,716.1,3,12.79,288.0,480.0,60.0,1.0,15.011,79.1,Excellent,187.2
192.0,288.0,0.0,192.0,0.0,929.8,716.1,28,39.32,288.0,480.0,60.0,1.0,4.883,85.7,Excellent,187.2
153.0,102.0,0.0,192.0,0.0,888.0,943.1,3,4.78,102.0,255.0,40.0,1.255,32.002,51.8,High,142.8
288.0,192.0,0.0,192.0,0.0,932.0,717.8,3,16.11,192.0,480.0,40.0,0.667,17.876,61.0,High,268.8
305.3,203.5,0.0,203.5,0.0,965.4,631.0,28,43.38,203.5,508.8,40.0,0.667,7.038,68.0,High,284.95
236.0,157.0,0.0,192.0,0.0,972.6,749.1,7,20.42,157.0,393.0,39.95,0.814,11.557,65.0,High,220.25
173.0,116.0,0.0,192.0,0.0,946.8,856.8,3,6.94,116.0,289.0,40.14,1.11,24.924,56.5,High,161.5
212.0,141.3,0.0,203.5,0.0,973.4,750.0,7,15.03,141.3,353.3,39.99,0.96,14.104,63.4,High,197.86
236.0,157.0,0.0,192.0,0.0,972.6,749.1,3,13.57,157.0,393.0,39.95,0.814,17.39,61.2,High,220.25
183.9,122.6,0.0,203.5,0.0,959.2,800.0,90,32.53,122.6,306.5,40.0,1.107,5.653,68.9,High,171.64
166.8,250.2,0.0,203.5,0.0,975.6,692.6,7,15.75,250.2,417.0,60.0,1.22,10.59,82.0,Excellent,162.63
102.0,153.0,0.0,192.0,0.0,887.0,942.0,7,7.68,153.0,255.0,60.0,1.882,13.28,80.3,Excellent,99.45
288.0,192.0,0.0,192.0,0.0,932.0,717.8,28,38.8,192.0,480.0,40.0,0.667,7.422,67.8,High,268.8
212.0,141.3,0.0,203.5,0.0,973.4,750.0,28,33.0,141.3,353.3,39.99,0.96,6.424,68.4,High,197.86
102.0,153.0,0.0,192.0,0.0,887.0,942.0,28,17.28,153.0,255.0,60.0,1.882,5.902,85.1,Excellent,99.45
173.0,116.0,0.0,192.0,0.0,946.8,856.8,28,24.28,116.0,289.0,40.14,1.11,7.125,68.1,High,161.5
183.9,122.6,0.0,203.5,0.0,959.2,800.0,28,24.05,122.6,306.5,40.0,1.107,7.646,67.6,High,171.64
133.0,200.0,0.0,192.0,0.0,927.4,839.2,90,36.59,200.0,333.0,60.06,1.444,3.635,86.6,Excellent,129.7
192.0,288.0,0.0,192.0,0.0,929.8,716.1,90,50.73,288.0,480.0,60.0,1.0,3.785,86.4,Excellent,187.2
133.0,200.0,0.0,192.0,0.0,927.4,839.2,7,13.66,200.0,333.0,60.06,1.444,9.736,82.6,Excellent,129.7
305.3,203.5,0.0,203.5,0.0,965.4,631.0,3,14.14,203.5,508.8,40.0,0.667,21.59,58.5,High,284.95
236.0,157.0,0.0,192.0,0.0,972.6,749.1,90,47.78,157.0,393.0,39.95,0.814,4.939,69.4,High,220.25
108.3,162.4,0.0,203.5,0.0,938.2,849.0,3,2.33,162.4,270.7,59.99,1.879,46.461,58.6,High,105.59
157.0,236.0,0.0,192.0,0.0,935.4,781.2,7,16.89,236.0,393.0,60.05,1.223,9.295,82.9,Excellent,153.1
288.0,192.0,0.0,192.0,0.0,932.0,717.8,7,23.52,192.0,480.0,40.0,0.667,12.244,64.6,High,268.8
212.0,141.3,0.0,203.5,0.0,973.4,750.0,3,6.81,141.3,353.3,39.99,0.96,31.126,52.3,High,197.86
212.0,141.3,0.0,203.5,0.0,973.4,750.0,90,39.7,141.3,353.3,39.99,0.96,5.34,69.1,High,197.86
153.0,102.0,0.0,192.0,0.0,888.0,943.1,28,17.96,102.0,255.0,40.0,1.255,8.518,67.1,High,142.8
236.0,157.0,0.0,192.0,0.0,972.6,749.1,28,32.88,157.0,393.0,39.95,0.814,7.177,67.9,High,220.25
116.0,173.0,0.0,192.0,0.0,909.8,891.9,28,22.35,173.0,289.0,59.86,1.655,5.19,85.4,Excellent,113.05
183.9,122.6,0.0,203.5,0.0,959.2,800.0,7,10.79,122.6,306.5,40.0,1.107,17.042,61.5,High,171.64
108.3,162.4,0.0,203.5,0.0,938.2,849.0,7,7.72,162.4,270.7,59.99,1.879,14.027,79.8,Excellent,105.59
203.5,305.3,0.0,203.5,0.0,963.4,630.0,28,41.68,305.3,508.8,60.0,1.0,4.882,85.7,Excellent,198.42
203.5,305.3,0.0,203.5,0.0,963.4,630.0,3,9.56,305.3,508.8,60.0,1.0,21.284,75.0,Excellent,198.42
133.0,200.0,0.0,192.0,0.0,927.4,839.2,3,6.88,200.0,333.0,60.06,1.444,19.329,76.4,Excellent,129.7
288.0,192.0,0.0,192.0,0.0,932.0,717.8,90,50.53,192.0,480.0,40.0,0.667,5.699,68.9,High,268.8
200.0,133.0,0.0,192.0,0.0,965.4,806.2,7,17.17,133.0,333.0,39.94,0.96,11.648,65.0,High,186.65
200.0,133.0,0.0,192.0,0.0,965.4,806.2,28,30.44,133.0,333.0,39.94,0.96,6.57,68.3,High,186.65
250.2,166.8,0.0,203.5,0.0,977.6,694.1,3,9.73,166.8,417.0,40.0,0.813,25.712,55.9,High,233.52
122.6,183.9,0.0,203.5,0.0,958.2,800.1,3,3.32,183.9,306.5,60.0,1.66,36.917,64.9,High,119.54
153.0,102.0,0.0,192.0,0.0,888.0,943.1,90,26.32,102.0,255.0,40.0,1.255,5.813,68.8,High,142.8
200.0,133.0,0.0,192.0,0.0,965.4,806.2,90,43.25,133.0,333.0,39.94,0.96,4.624,69.5,High,186.65
116.0,173.0,0.0,192.0,0.0,909.8,891.9,3,6.28,173.0,289.0,59.86,1.655,18.468,76.8,Excellent,113.05
173.0,116.0,0.0,192.0,0.0,946.8,856.8,90,32.1,116.0,289.0,40.14,1.11,5.389,69.2,High,161.5
250.2,166.8,0.0,203.5,0.0,977.6,694.1,28,36.96,166.8,417.0,40.0,0.813,6.769,68.2,High,233.52
305.3,203.5,0.0,203.5,0.0,965.4,631.0,90,54.6,203.5,508.8,40.0,0.667,5.591,69.0,High,284.95
192.0,288.0,0.0,192.0,0.0,929.8,716.1,7,21.48,288.0,480.0,60.0,1.0,8.938,83.1,Excellent,187.2
157.0,236.0,0.0,192.0,0.0,935.4,781.2,3,9.69,236.0,393.0,60.05,1.223,16.201,78.4,Excellent,153.1
153.0,102.0,0.0,192.0,0.0,888.0,943.1,7,8.37,102.0,255.0,40.0,1.255,18.277,60.7,High,142.8
141.3,212.0,0.0,203.5,0.0,971.8,748.5,90,39.66,212.0,353.3,60.01,1.44,3.563,86.6,Excellent,137.77
116.0,173.0,0.0,192.0,0.0,909.8,891.9,7,10.09,173.0,289.0,59.86,1.655,11.495,81.3,Excellent,113.05
141.3,212.0,0.0,203.5,0.0,971.8,748.5,3,4.83,212.0,353.3,60.01,1.44,29.249,69.9,High,137.77
122.6,183.9,0.0,203.5,0.0,958.2,800.1,7,10.35,183.9,306.5,60.0,1.66,11.844,81.2,Excellent,119.54
166.8,250.2,0.0,203.5,0.0,975.6,692.6,90,43.57,250.2,417.0,60.0,1.22,3.828,86.4,Excellent,162.63
203.5,305.3,0.0,203.5,0.0,963.4,630.0,90,51.86,305.3,508.8,60.0,1.0,3.924,86.4,Excellent,198.42
310.0,0.0,0.0,192.0,0.0,1012.0,830.0,3,11.85,0.0,310.0,0.0,0.619,26.158,23.0,Low,279.0
310.0,0.0,0.0,192.0,0.0,1012.0,830.0,7,17.24,0.0,310.0,0.0,0.619,17.98,28.3,Low,279.0
310.0,0.0,0.0,192.0,0.0,1012.0,830.0,28,27.83,0.0,310.0,0.0,0.619,11.139,32.7,Medium,279.0
310.0,0.0,0.0,192.0,0.0,1012.0,830.0,90,35.76,0.0,310.0,0.0,0.619,8.669,34.4,Medium,279.0
310.0,0.0,0.0,192.0,0.0,1012.0,830.0,120,38.7,0.0,310.0,0.0,0.619,8.01,34.8,Medium,279.0
331.0,0.0,0.0,192.0,0.0,1025.0,821.0,3,14.31,0.0,331.0,0.0,0.58,23.129,24.9,Low,297.9
331.0,0.0,0.0,192.0,0.0,1025.0,821.0,7,17.44,0.0,331.0,0.0,0.58,18.978,27.6,Low,297.9
331.0,0.0,0.0,192.0,0.0,1025.0,821.0,28,31.74,0.0,331.0,0.0,0.58,10.428,33.2,Medium,297.9
331.0,0.0,0.0,192.0,0.0,1025.0,821.0,90,37.91,0.0,331.0,0.0,0.58,8.731,34.3,Medium,297.9
331.0,0.0,0.0,192.0,0.0,1025.0,821.0,120,39.38,0.0,331.0,0.0,0.58,8.405,34.5,Medium,297.9
349.0,0.0,0.0,192.0,0.0,1056.0,809.0,3,15.87,0.0,349.0,0.0,0.55,21.99,25.7,Low,314.1
349.0,0.0,0.0,192.0,0.0,1056.0,809.0,7,9.01,0.0,349.0,0.0,0.55,38.73,14.8,Low,314.1
349.0,0.0,0.0,192.0,0.0,1056.0,809.0,28,33.61,0.0,349.0,0.0,0.55,10.384,33.2,Medium,314.1
349.0,0.0,0.0,192.0,0.0,1056.0,809.0,90,40.66,0.0,349.0,0.0,0.55,8.583,34.4,Medium,314.1
349.0,0.0,0.0,192.0,0.0,1056.0,809.0,120,40.86,0.0,349.0,0.0,0.55,8.541,34.4,Medium,314.1
238.0,0.0,0.0,186.0,0.0,1119.0,789.0,7,12.05,0.0,238.0,0.0,0.782,19.749,27.1,Low,214.2
238.0,0.0,0.0,186.0,0.0,1119.0,789.0,28,17.54,0.0,238.0,0.0,0.782,13.568,31.2,Medium,214.2
296.0,0.0,0.0,186.0,0.0,1090.0,769.0,7,18.91,0.0,296.0,0.0,0.628,15.652,29.8,Low,266.4
296.0,0.0,0.0,186.0,0.0,1090.0,769.0,28,25.18,0.0,296.0,0.0,0.628,11.755,32.3,Medium,266.4
297.0,0.0,0.0,186.0,0.0,1040.0,734.0,7,30.96,0.0,297.0,0.0,0.626,9.593,33.7,Medium,267.3
480.0,0.0,0.0,192.0,0.0,936.0,721.0,28,43.89,0.0,480.0,0.0,0.4,10.936,32.9,Medium,432.0
480.0,0.0,0.0,192.0,0.0,936.0,721.0,90,54.28,0.0,480.0,0.0,0.4,8.843,34.2,Medium,432.0
397.0,0.0,0.0,186.0,0.0,1040.0,734.0,28,36.94,0.0,397.0,0.0,0.469,10.747,33.0,Medium,357.3
281.0,0.0,0.0,186.0,0.0,1104.0,774.0,7,14.5,0.0,281.0,0.0,0.662,19.378,27.4,Low,252.9
281.0,0.0,0.0,185.0,0.0,1104.0,774.0,28,22.44,0.0,281.0,0.0,0.658,12.522,31.8,Medium,252.9
500.0,0.0,0.0,200.0,0.0,1125.0,613.0,1,12.64,0.0,500.0,0.0,0.4,39.554,14.2,Low,450.0
500.0,0.0,0.0,200.0,0.0,1125.0,613.0,3,26.06,0.0,500.0,0.0,0.4,19.186,27.5,Low,450.0
500.0,0.0,0.0,200.0,0.0,1125.0,613.0,7,33.21,0.0,500.0,0.0,0.4,15.055,30.2,Medium,450.0
500.0,0.0,0.0,200.0,0.0,1125.0,613.0,14,36.94,0.0,500.0,0.0,0.4,13.535,31.2,Medium,450.0
500.0,0.0,0.0,200.0,0.0,1125.0,613.0,28,44.09,0.0,500.0,0.0,0.4,11.34,32.6,Medium,450.0
540.0,0.0,0.0,173.0,0.0,1125.0,613.0,7,52.61,0.0,540.0,0.0,0.32,10.264,33.3,Medium,486.0
540.0,0.0,0.0,173.0,0.0,1125.0,613.0,14,59.76,0.0,540.0,0.0,0.32,9.036,34.1,Medium,486.0
540.0,0.0,0.0,173.0,0.0,1125.0,613.0,28,67.31,0.0,540.0,0.0,0.32,8.022,34.8,Medium,486.0
540.0,0.0,0.0,173.0,0.0,1125.0,613.0,90,69.66,0.0,540.0,0.0,0.32,7.752,34.9,Medium,486.0
540.0,0.0,0.0,173.0,0.0,1125.0,613.0,180,71.62,0.0,540.0,0.0,0.32,7.54,35.1,Medium,486.0
540.0,0.0,0.0,173.0,0.0,1125.0,613.0,270,74.17,0.0,540.0,0.0,0.32,7.28,35.3,Medium,486.0
350.0,0.0,0.0,203.0,0.0,974.0,775.0,7,18.13,0.0,350.0,0.0,0.58,19.304,27.4,Low,315.0
350.0,0.0,0.0,203.0,0.0,974.0,775.0,14,22.53,0.0,350.0,0.0,0.58,15.534,29.9,Low,315.0
350.0,0.0,0.0,203.0,0.0,974.0,775.0,28,27.34,0.0,350.0,0.0,0.58,12.801,31.7,Medium,315.0
350.0,0.0,0.0,203.0,0.0,974.0,775.0,56,29.98,0.0,350.0,0.0,0.58,11.674,32.4,Medium,315.0
350.0,0.0,0.0,203.0,0.0,974.0,775.0,90,31.35,0.0,350.0,0.0,0.58,11.164,32.7,Medium,315.0
350.0,0.0,0.0,203.0,0.0,974.0,775.0,180,32.72,0.0,350.0,0.0,0.58,10.696,33.0,Medium,315.0
385.0,0.0,0.0,186.0,0.0,966.0,763.0,1,6.27,0.0,385.0,0.0,0.483,61.394,0.0,,346.5
385.0,0.0,0.0,186.0,0.0,966.0,763.0,3,14.7,0.0,385.0,0.0,0.483,26.189,22.9,Low,346.5
385.0,0.0,0.0,186.0,0.0,966.0,763.0,7,23.22,0.0,385.0,0.0,0.483,16.58,29.2,Low,346.5
385.0,0.0,0.0,186.0,0.0,966.0,763.0,14,27.92,0.0,385.0,0.0,0.483,13.789,31.0,Medium,346.5
385.0,0.0,0.0,186.0,0.0,966.0,763.0,28,31.35,0.0,385.0,0.0,0.483,12.28,32.0,Medium,346.5
331.0,0.0,0.0,192.0,0.0,978.0,825.0,180,39.0,0.0,331.0,0.0,0.58,8.487,34.5,Medium,297.9
331.0,0.0,0.0,192.0,0.0,978.0,825.0,360,41.24,0.0,331.0,0.0,0.58,8.026,34.8,Medium,297.9
349.0,0.0,0.0,192.0,0.0,1047.0,806.0,3,14.99,0.0,349.0,0.0,0.55,23.281,24.8,Low,314.1
331.0,0.0,0.0,192.0,0.0,978.0,825.0,3,13.52,0.0,331.0,0.0,0.58,24.48,24.1,Low,297.9
382.0,0.0,0.0,186.0,0.0,1047.0,739.0,7,24.0,0.0,382.0,0.0,0.487,15.916,29.6,Low,343.8
382.0,0.0,0.0,186.0,0.0,1047.0,739.0,28,37.42,0.0,382.0,0.0,0.487,10.208,33.3,Medium,343.8
382.0,0.0,0.0,186.0,0.0,1111.0,784.0,7,11.47,0.0,382.0,0.0,0.487,33.301,18.3,Low,343.8
281.0,0.0,0.0,186.0,0.0,1104.0,774.0,28,22.44,0.0,281.0,0.0,0.662,12.522,31.8,Medium,252.9
339.0,0.0,0.0,185.0,0.0,1069.0,754.0,7,21.16,0.0,339.0,0.0,0.546,16.02,29.6,Low,305.1
339.0,0.0,0.0,185.0,0.0,1069.0,754.0,28,31.84,0.0,339.0,0.0,0.546,10.647,33.1,Medium,305.1
295.0,0.0,0.0,185.0,0.0,1069.0,769.0,7,14.8,0.0,295.0,0.0,0.627,19.931,27.0,Low,265.5
295.0,0.0,0.0,185.0,0.0,1069.0,769.0,28,25.18,0.0,295.0,0.0,0.627,11.715,32.4,Medium,265.5
238.0,0.0,0.0,185.0,0.0,1118.0,789.0,28,17.54,0.0,238.0,0.0,0.777,13.568,31.2,Medium,214.2
296.0,0.0,0.0,192.0,0.0,1085.0,765.0,7,14.2,0.0,296.0,0.0,0.649,20.844,26.4,Low,266.4
296.0,0.0,0.0,192.0,0.0,1085.0,765.0,28,21.65,0.0,296.0,0.0,0.649,13.671,31.1,Medium,266.4
296.0,0.0,0.0,192.0,0.0,1085.0,765.0,90,29.39,0.0,296.0,0.0,0.649,10.071,33.4,Medium,266.4
331.0,0.0,0.0,192.0,0.0,879.0,825.0,3,13.52,0.0,331.0,0.0,0.58,24.48,24.1,Low,297.9
331.0,0.0,0.0,192.0,0.0,978.0,825.0,7,16.26,0.0,331.0,0.0,0.58,20.355,26.7,Low,297.9
331.0,0.0,0.0,192.0,0.0,978.0,825.0,28,31.45,0.0,331.0,0.0,0.58,10.524,33.1,Medium,297.9
331.0,0.0,0.0,192.0,0.0,978.0,825.0,90,37.23,0.0,331.0,0.0,0.58,8.89,34.2,Medium,297.9
349.0,0.0,0.0,192.0,0.0,1047.0,806.0,7,18.13,0.0,349.0,0.0,0.55,19.249,27.5,Low,314.1
349.0,0.0,0.0,192.0,0.0,1047.0,806.0,28,32.72,0.0,349.0,0.0,0.55,10.666,33.1,Medium,314.1
349.0,0.0,0.0,192.0,0.0,1047.0,806.0,90,39.49,0.0,349.0,0.0,0.55,8.837,34.2,Medium,314.1
349.0,0.0,0.0,192.0,0.0,1047.0,806.0,180,41.05,0.0,349.0,0.0,0.55,8.502,34.5,Medium,314.1
349.0,0.0,0.0,192.0,0.0,1047.0,806.0,360,42.13,0.0,349.0,0.0,0.55,8.284,34.6,Medium,314.1
302.0,0.0,0.0,203.0,0.0,974.0,817.0,14,18.13,0.0,302.0,0.0,0.672,16.657,29.1,Low,271.8
302.0,0.0,0.0,203.0,0.0,974.0,817.0,180,26.74,0.0,302.0,0.0,0.672,11.294,32.6,Medium,271.8
525.0,0.0,0.0,189.0,0.0,1125.0,613.0,180,61.92,0.0,525.0,0.0,0.36,8.479,34.5,Medium,472.5
500.0,0.0,0.0,200.0,0.0,1125.0,613.0,90,47.22,0.0,500.0,0.0,0.4,10.589,33.1,Medium,450.0
500.0,0.0,0.0,200.0,0.0,1125.0,613.0,180,51.04,0.0,500.0,0.0,0.4,9.796,33.6,Medium,450.0
500.0,0.0,0.0,200.0,0.0,1125.0,613.0,270,55.16,0.0,500.0,0.0,0.4,9.064,34.1,Medium,450.0
540.0,0.0,0.0,173.0,0.0,1125.0,613.0,3,41.64,0.0,540.0,0.0,0.32,12.968,31.6,Medium,486.0
252.0,0.0,0.0,185.0,0.0,1111.0,784.0,7,13.71,0.0,252.0,0.0,0.734,18.379,28.0,Low,226.8
252.0,0.0,0.0,185.0,0.0,1111.0,784.0,28,19.69,0.0,252.0,0.0,0.734,12.798,31.7,Medium,226.8
339.0,0.0,0.0,185.0,0.0,1060.0,754.0,28,31.65,0.0,339.0,0.0,0.546,10.711,33.0,Medium,305.1
393.0,0.0,0.0,192.0,0.0,940.0,758.0,3,19.11,0.0,393.0,0.0,0.489,20.564,26.6,Low,353.7
393.0,0.0,0.0,192.0,0.0,940.0,758.0,28,39.58,0.0,393.0,0.0,0.489,9.929,33.5,Medium,353.7
393.0,0.0,0.0,192.0,0.0,940.0,758.0,90,48.79,0.0,393.0,0.0,0.489,8.055,34.8,Medium,353.7
382.0,0.0,0.0,185.0,0.0,1047.0,739.0,7,24.0,0.0,382.0,0.0,0.484,15.916,29.6,Low,343.8
382.0,0.0,0.0,185.0,0.0,1047.0,739.0,28,37.42,0.0,382.0,0.0,0.484,10.208,33.3,Medium,343.8
252.0,0.0,0.0,186.0,0.0,1111.0,784.0,7,11.47,0.0,252.0,0.0,0.738,21.968,25.7,Low,226.8
252.0,0.0,0.0,185.0,0.0,1111.0,784.0,28,19.69,0.0,252.0,0.0,0.734,12.798,31.7,Medium,226.8
310.0,0.0,0.0,192.0,0.0,970.0,850.0,7,14.99,0.0,310.0,0.0,0.619,20.679,26.5,Low,279.0
310.0,0.0,0.0,192.0,0.0,970.0,850.0,28,27.92,0.0,310.0,0.0,0.619,11.103,32.8,Medium,279.0
310.0,0.0,0.0,192.0,0.0,970.0,850.0,90,34.68,0.0,310.0,0.0,0.619,8.939,34.2,Medium,279.0
310.0,0.0,0.0,192.0,0.0,970.0,850.0,180,37.33,0.0,310.0,0.0,0.619,8.304,34.6,Medium,279.0
310.0,0.0,0.0,192.0,0.0,970.0,850.0,360,38.11,0.0,310.0,0.0,0.619,8.134,34.7,Medium,279.0
525.0,0.0,0.0,189.0,0.0,1125.0,613.0,3,33.8,0.0,525.0,0.0,0.36,15.532,29.9,Low,472.5
525.0,0.0,0.0,189.0,0.0,1125.0,613.0,7,42.42,0.0,525.0,0.0,0.36,12.376,31.9,Medium,472.5
525.0,0.0,0.0,189.0,0.0,1125.0,613.0,14,48.4,0.0,525.0,0.0,0.36,10.847,32.9,Medium,472.5
525.0,0.0,0.0,189.0,0.0,1125.0,613.0,28,55.94,0.0,525.0,0.0,0.36,9.385,33.9,Medium,472.5
525.0,0.0,0.0,189.0,0.0,1125.0,613.0,90,58.78,0.0,525.0,0.0,0.36,8.931,34.2,Medium,472.5
525.0,0.0,0.0,189.0,0.0,1125.0,613.0,270,67.11,0.0,525.0,0.0,0.36,7.823,34.9,Medium,472.5
322.0,0.0,0.0,203.0,0.0,974.0,800.0,14,20.77,0.0,322.0,0.0,0.63,15.502,29.9,Low,289.8
322.0,0.0,0.0,203.0,0.0,974.0,800.0,28,25.18,0.0,322.0,0.0,0.63,12.787,31.7,Medium,289.8
322.0,0.0,0.0,203.0,0.0,974.0,800.0,180,29.59,0.0,322.0,0.0,0.63,10.882,32.9,Medium,289.8
302.0,0.0,0.0,203.0,0.0,974.0,817.0,28,21.75,0.0,302.0,0.0,0.672,13.884,31.0,Medium,271.8
397.0,0.0,0.0,185.0,0.0,1040.0,734.0,28,39.09,0.0,397.0,0.0,0.466,10.156,33.4,Medium,357.3
480.0,0.0,0.0,192.0,0.0,936.0,721.0,3,24.39,0.0,480.0,0.0,0.4,19.679,27.2,Low,432.0
522.0,0.0,0.0,146.0,0.0,896.0,896.0,7,50.51,0.0,522.0,0.0,0.28,10.334,33.3,Medium,469.8
522.0,0.0,0.0,146.0,0.0,896.0,896.0,28,74.99,0.0,522.0,0.0,0.28,6.961,35.5,Medium,469.8
273.0,105.0,82.0,210.0,9.0,904.0,680.0,28,37.17,187.0,460.0,40.65,0.769,7.344,68.4,High,255.05
162.0,190.0,148.0,179.0,19.0,838.0,741.0,28,33.76,338.0,500.0,67.6,1.105,4.798,92.0,Excellent,162.7
154.0,144.0,112.0,220.0,10.0,923.0,658.0,28,16.5,256.0,410.0,62.44,1.429,9.333,84.8,Excellent,151.4
147.0,115.0,89.0,202.0,9.0,860.0,829.0,28,19.99,204.0,351.0,58.12,1.374,7.353,82.6,Excellent,142.5
152.0,178.0,139.0,168.0,18.0,944.0,695.0,28,36.35,317.0,469.0,67.59,1.105,4.181,92.4,Excellent,152.65
310.0,143.0,111.0,168.0,22.0,914.0,651.0,28,33.69,254.0,564.0,45.04,0.542,9.201,70.7,Excellent,291.7
144.0,0.0,175.0,158.0,18.0,943.0,844.0,28,15.42,175.0,319.0,54.86,1.097,9.338,78.6,Excellent,138.35
304.0,140.0,0.0,214.0,6.0,895.0,722.0,28,33.42,140.0,444.0,31.53,0.704,9.096,59.8,High,280.6
374.0,0.0,0.0,190.0,7.0,1013.0,730.0,28,39.05,0.0,374.0,0.0,0.508,9.577,33.8,Medium,336.6
159.0,149.0,116.0,175.0,15.0,953.0,720.0,28,27.68,265.0,424.0,62.5,1.101,5.744,87.2,Excellent,156.35
153.0,239.0,0.0,200.0,6.0,1002.0,684.0,28,26.86,239.0,392.0,60.97,1.307,5.696,86.0,Excellent,149.65
310.0,143.0,0.0,168.0,10.0,914.0,804.0,28,45.3,143.0,453.0,31.57,0.542,6.843,61.3,High,286.15
305.0,0.0,100.0,196.0,10.0,959.0,705.0,28,30.12,100.0,405.0,24.69,0.643,10.126,53.5,High,279.5
151.0,0.0,184.0,167.0,12.0,991.0,772.0,28,15.57,184.0,335.0,54.93,1.106,9.698,78.5,Excellent,145.1
142.0,167.0,130.0,174.0,11.0,883.0,785.0,28,44.61,297.0,439.0,67.65,1.225,3.183,93.1,Excellent,142.65
298.0,137.0,107.0,201.0,6.0,878.0,655.0,28,53.52,244.0,542.0,45.02,0.674,5.568,73.1,Excellent,280.4
321.0,164.0,0.0,190.0,5.0,870.0,774.0,28,57.21,164.0,485.0,33.81,0.592,5.611,63.9,High,297.1
366.0,187.0,0.0,191.0,7.0,824.0,757.0,28,65.91,187.0,553.0,33.82,0.522,5.553,64.0,High,338.75
280.0,129.0,100.0,172.0,9.0,825.0,805.0,28,52.82,229.0,509.0,44.99,0.614,5.301,73.2,Excellent,263.45
252.0,97.0,76.0,194.0,8.0,835.0,821.0,28,33.4,173.0,425.0,40.71,0.77,7.545,68.3,High,235.45
165.0,0.0,150.0,182.0,12.0,1023.0,729.0,28,18.03,150.0,315.0,47.62,1.103,9.151,72.9,Excellent,156.0
156.0,243.0,0.0,180.0,11.0,1022.0,698.0,28,37.36,243.0,399.0,60.9,1.154,4.175,86.9,Excellent,152.55
160.0,188.0,146.0,203.0,11.0,829.0,710.0,28,32.84,334.0,494.0,67.61,1.269,4.872,91.9,Excellent,160.7
298.0,0.0,107.0,186.0,6.0,879.0,815.0,28,42.64,107.0,405.0,26.42,0.624,6.989,57.0,High,273.55
318.0,0.0,126.0,210.0,6.0,861.0,737.0,28,40.06,126.0,444.0,28.38,0.66,7.938,58.0,High,292.5
287.0,121.0,94.0,188.0,9.0,904.0,696.0,28,41.94,215.0,502.0,42.83,0.655,6.843,70.5,Excellent,269.05
326.0,166.0,0.0,174.0,9.0,882.0,790.0,28,61.23,166.0,492.0,33.74,0.534,5.324,64.0,High,301.7
356.0,0.0,142.0,193.0,11.0,801.0,778.0,28,40.87,142.0,498.0,28.51,0.542,8.71,57.6,High,327.5
132.0,207.0,161.0,179.0,5.0,867.0,736.0,28,33.3,368.0,500.0,73.6,1.356,3.964,97.4,Excellent,137.2
322.0,149.0,0.0,186.0,8.0,951.0,709.0,28,52.42,149.0,471.0,31.63,0.578,6.143,61.8,High,297.25
164.0,0.0,200.0,181.0,13.0,849.0,846.0,28,15.09,200.0,364.0,54.95,1.104,10.867,77.7,Excellent,157.6
314.0,0.0,113.0,170.0,10.0,925.0,783.0,28,38.46,113.0,427.0,26.46,0.541,8.164,56.3,High,288.25
321.0,0.0,128.0,182.0,11.0,870.0,780.0,28,37.26,128.0,449.0,28.51,0.567,8.615,57.6,High,295.3
140.0,164.0,128.0,237.0,6.0,869.0,656.0,28,35.23,292.0,432.0,67.59,1.693,3.974,92.5,Excellent,140.6
288.0,121.0,0.0,177.0,7.0,908.0,829.0,28,42.13,121.0,409.0,29.58,0.615,6.836,59.7,High,265.25
298.0,0.0,107.0,210.0,11.0,880.0,744.0,28,31.87,107.0,405.0,26.42,0.705,9.35,55.4,High,273.55
265.0,111.0,86.0,195.0,6.0,833.0,790.0,28,41.54,197.0,462.0,42.64,0.736,6.379,70.6,Excellent,248.35
160.0,250.0,0.0,168.0,12.0,1049.0,688.0,28,39.45,250.0,410.0,60.98,1.05,4.056,87.1,Excellent,156.5
166.0,260.0,0.0,183.0,13.0,859.0,827.0,28,37.91,260.0,426.0,61.03,1.102,4.379,86.9,Excellent,162.4
276.0,116.0,90.0,180.0,9.0,870.0,768.0,28,44.28,206.0,482.0,42.74,0.652,6.233,70.8,Excellent,258.7
322.0,0.0,116.0,196.0,10.0,818.0,813.0,28,31.18,116.0,438.0,26.48,0.609,10.327,54.9,High,295.6
149.0,139.0,109.0,193.0,6.0,892.0,780.0,28,23.69,248.0,397.0,62.47,1.295,6.289,86.8,Excellent,146.5
159.0,187.0,0.0,176.0,11.0,990.0,789.0,28,32.76,187.0,346.0,54.05,1.107,4.853,80.9,Excellent,152.45
261.0,100.0,78.0,201.0,9.0,864.0,761.0,28,32.4,178.0,439.0,40.55,0.77,8.055,67.8,High,243.8
237.0,92.0,71.0,247.0,6.0,853.0,695.0,28,28.63,163.0,400.0,40.75,1.042,8.278,67.8,High,221.45
313.0,0.0,113.0,178.0,8.0,1002.0,689.0,28,36.8,113.0,426.0,26.53,0.569,8.505,56.1,High,287.35
155.0,183.0,0.0,193.0,9.0,1047.0,697.0,28,18.28,183.0,338.0,54.14,1.245,8.479,78.6,Excellent,148.65
146.0,230.0,0.0,202.0,3.0,827.0,872.0,28,33.06,230.0,376.0,61.17,1.384,4.416,87.0,Excellent,142.9
296.0,0.0,107.0,221.0,11.0,819.0,778.0,28,31.42,107.0,403.0,26.55,0.747,9.42,55.5,High,271.75
133.0,210.0,0.0,196.0,3.0,949.0,795.0,28,31.03,210.0,343.0,61.22,1.474,4.286,87.1,Excellent,130.2
313.0,145.0,0.0,178.0,8.0,867.0,824.0,28,44.39,145.0,458.0,31.66,0.569,7.051,61.2,High,288.95
152.0,0.0,112.0,184.0,8.0,992.0,816.0,28,12.18,112.0,264.0,42.42,1.211,12.478,66.5,High,142.4
153.0,145.0,113.0,178.0,8.0,1002.0,689.0,28,25.56,258.0,411.0,62.77,1.163,5.986,87.3,Excellent,150.6
140.0,133.0,103.0,200.0,7.0,916.0,753.0,28,36.44,236.0,376.0,62.77,1.429,3.842,88.7,Excellent,137.8
149.0,236.0,0.0,176.0,13.0,847.0,893.0,28,32.96,236.0,385.0,61.3,1.181,4.52,87.0,Excellent,145.9
300.0,0.0,120.0,212.0,10.0,878.0,728.0,28,23.84,120.0,420.0,28.57,0.707,12.583,55.1,High,276.0
153.0,145.0,113.0,178.0,8.0,867.0,824.0,28,26.23,258.0,411.0,62.77,1.163,5.833,87.4,Excellent,150.6
148.0,0.0,137.0,158.0,16.0,1002.0,830.0,28,17.95,137.0,285.0,48.07,1.068,8.245,73.8,Excellent,140.05
326.0,0.0,138.0,199.0,11.0,801.0,792.0,28,40.68,138.0,464.0,29.74,0.61,8.014,59.0,High,300.3
153.0,145.0,0.0,178.0,8.0,1000.0,822.0,28,19.01,145.0,298.0,48.66,1.163,8.048,74.4,Excellent,144.95
262.0,111.0,86.0,195.0,5.0,895.0,733.0,28,33.72,197.0,459.0,42.92,0.744,7.77,69.9,High,245.65
158.0,0.0,195.0,220.0,11.0,898.0,713.0,28,8.54,195.0,353.0,55.24,1.392,18.499,73.0,Excellent,151.95
151.0,0.0,185.0,167.0,16.0,1074.0,678.0,28,13.46,185.0,336.0,55.06,1.106,11.218,77.6,Excellent,145.15
273.0,0.0,90.0,199.0,11.0,931.0,762.0,28,32.24,90.0,363.0,24.79,0.729,8.467,54.7,High,250.2
149.0,118.0,92.0,183.0,7.0,953.0,780.0,28,23.52,210.0,359.0,58.5,1.228,6.335,83.6,Excellent,144.6
143.0,169.0,143.0,191.0,8.0,967.0,643.0,28,29.72,312.0,455.0,68.57,1.336,4.811,92.8,Excellent,144.3
260.0,101.0,78.0,171.0,10.0,936.0,763.0,28,49.77,179.0,439.0,40.77,0.658,5.224,69.8,High,242.95
313.0,161.0,0.0,178.0,10.0,917.0,759.0,28,52.44,161.0,474.0,33.97,0.569,5.969,63.8,High,289.75
284.0,120.0,0.0,168.0,7.0,970.0,794.0,28,40.93,120.0,404.0,29.7,0.592,6.939,59.7,High,261.6
336.0,0.0,0.0,182.0,3.0,986.0,817.0,28,44.86,0.0,336.0,0.0,0.542,7.49,35.1,Medium,302.4
145.0,0.0,134.0,181.0,11.0,979.0,812.0,28,13.2,134.0,279.0,48.03,1.248,10.984,72.0,Excellent,137.2
150.0,237.0,0.0,174.0,12.0,1069.0,675.0,28,37.43,237.0,387.0,61.24,1.16,4.007,87.3,Excellent,146.85
144.0,170.0,133.0,192.0,8.0,814.0,805.0,28,29.87,303.0,447.0,67.79,1.333,4.821,92.1,Excellent,144.75
331.0,170.0,0.0,195.0,8.0,811.0,802.0,28,56.61,170.0,501.0,33.93,0.589,5.847,63.9,High,306.4
155.0,0.0,143.0,193.0,9.0,1047.0,697.0,28,12.46,143.0,298.0,47.99,1.245,12.439,71.0,Excellent,146.65
155.0,183.0,0.0,193.0,9.0,877.0,868.0,28,23.79,183.0,338.0,54.14,1.245,6.515,79.9,Excellent,148.65
135.0,0.0,166.0,180.0,10.0,961.0,805.0,28,13.29,166.0,301.0,55.15,1.333,10.157,78.3,Excellent,129.8
266.0,112.0,87.0,178.0,10.0,910.0,745.0,28,39.42,199.0,465.0,42.8,0.669,6.748,70.5,Excellent,249.35
314.0,145.0,113.0,179.0,8.0,869.0,690.0,28,46.23,258.0,572.0,45.1,0.57,6.792,72.3,Excellent,295.5
313.0,145.0,0.0,127.0,8.0,1000.0,822.0,28,44.52,145.0,458.0,31.66,0.406,7.03,61.2,High,288.95
146.0,173.0,0.0,182.0,3.0,986.0,817.0,28,23.74,173.0,319.0,54.23,1.247,6.15,80.2,Excellent,140.05
144.0,136.0,106.0,178.0,7.0,941.0,774.0,28,26.14,242.0,386.0,62.69,1.236,5.509,87.5,Excellent,141.7
148.0,0.0,182.0,181.0,15.0,839.0,884.0,28,15.52,182.0,330.0,55.15,1.223,9.535,78.7,Excellent,142.3
277.0,117.0,91.0,191.0,7.0,946.0,666.0,28,43.57,208.0,485.0,42.89,0.69,6.357,70.8,Excellent,259.7
298.0,0.0,107.0,164.0,13.0,953.0,784.0,28,35.86,107.0,405.0,26.42,0.55,8.31,56.1,High,273.55
313.0,145.0,0.0,178.0,8.0,1002.0,689.0,28,41.05,145.0,458.0,31.66,0.569,7.625,60.8,High,288.95
155.0,184.0,143.0,194.0,9.0,880.0,699.0,28,28.99,327.0,482.0,67.84,1.252,5.346,91.8,Excellent,155.85
289.0,134.0,0.0,195.0,6.0,924.0,760.0,28,46.24,134.0,423.0,31.68,0.675,6.25,61.8,High,266.8
148.0,175.0,0.0,171.0,2.0,1000.0,828.0,28,26.92,175.0,323.0,54.18,1.155,5.498,80.6,Excellent,141.95
145.0,0.0,179.0,202.0,8.0,824.0,869.0,28,10.54,179.0,324.0,55.25,1.393,13.756,76.1,Excellent,139.45
313.0,0.0,0.0,178.0,8.0,1000.0,822.0,28,25.1,0.0,313.0,0.0,0.569,12.47,31.9,Medium,281.7
136.0,162.0,126.0,172.0,10.0,923.0,764.0,28,29.07,288.0,424.0,67.92,1.265,4.678,92.3,Excellent,136.8
155.0,0.0,143.0,193.0,9.0,877.0,868.0,28,9.74,143.0,298.0,47.99,1.245,15.912,68.8,High,146.65
255.0,99.0,77.0,189.0,6.0,919.0,749.0,28,33.8,176.0,431.0,40.84,0.741,7.544,68.4,High,238.3
162.0,207.0,172.0,216.0,10.0,822.0,638.0,28,39.84,379.0,541.0,70.06,1.333,4.066,94.5,Excellent,164.75
136.0,196.0,98.0,199.0,6.0,847.0,783.0,28,26.97,294.0,430.0,68.37,1.463,5.042,92.5,Excellent,137.1
164.0,163.0,128.0,197.0,8.0,961.0,641.0,28,27.23,291.0,455.0,63.96,1.201,6.023,88.2,Excellent,162.15
162.0,214.0,164.0,202.0,10.0,820.0,680.0,28,30.65,378.0,540.0,70.0,1.247,5.285,93.6,Excellent,164.7
157.0,214.0,152.0,200.0,9.0,819.0,704.0,28,33.05,366.0,523.0,69.98,1.274,4.75,94.0,Excellent,159.6
149.0,153.0,194.0,192.0,8.0,935.0,623.0,28,24.58,347.0,496.0,69.96,1.289,6.062,93.1,Excellent,151.45
135.0,105.0,193.0,196.0,6.0,965.0,643.0,28,21.91,298.0,433.0,68.82,1.452,6.161,92.1,Excellent,136.4
159.0,209.0,161.0,201.0,7.0,848.0,669.0,28,30.88,370.0,529.0,69.94,1.264,5.149,93.7,Excellent,161.6
144.0,15.0,195.0,176.0,6.0,1021.0,709.0,28,15.34,210.0,354.0,59.32,1.222,9.387,82.2,Excellent,140.1
154.0,174.0,185.0,228.0,7.0,845.0,612.0,28,24.34,359.0,513.0,69.98,1.481,6.327,92.9,Excellent,156.55
167.0,187.0,195.0,185.0,7.0,898.0,636.0,28,23.89,382.0,549.0,69.58,1.108,6.99,92.2,Excellent,169.4
184.0,86.0,190.0,213.0,6.0,923.0,623.0,28,22.93,276.0,460.0,60.0,1.158,8.024,83.7,Excellent,179.4
156.0,178.0,187.0,221.0,7.0,854.0,614.0,28,29.41,365.0,521.0,70.06,1.417,5.304,93.7,Excellent,158.65
236.9,91.7,71.5,246.9,6.0,852.9,695.4,28,28.63,163.2,400.1,40.79,1.042,8.274,67.9,High,221.37
313.3,0.0,113.0,178.5,8.0,1001.9,688.7,28,36.8,113.0,426.3,26.51,0.57,8.513,56.1,High,287.62
154.8,183.4,0.0,193.3,9.1,1047.4,696.7,28,18.29,183.4,338.20000000000005,54.23,1.249,8.463,78.7,Excellent,148.49
145.9,230.5,0.0,202.5,3.4,827.0,871.8,28,32.72,230.5,376.4,61.24,1.388,4.459,87.0,Excellent,142.84
296.0,0.0,106.7,221.4,10.5,819.2,778.4,28,31.42,106.7,402.7,26.5,0.748,9.42,55.5,High,271.74
133.1,210.2,0.0,195.7,3.1,949.4,795.3,28,28.94,210.2,343.29999999999995,61.23,1.47,4.599,86.9,Excellent,130.3
313.3,145.0,0.0,178.5,8.0,867.2,824.0,28,40.93,145.0,458.3,31.64,0.57,7.654,60.8,High,289.22
151.6,0.0,111.9,184.4,7.9,992.0,815.9,28,12.18,111.9,263.5,42.47,1.216,12.446,66.5,High,142.04
153.1,145.0,113.0,178.5,8.0,1001.9,688.7,28,25.56,258.0,411.1,62.76,1.166,5.99,87.3,Excellent,150.69
139.9,132.6,103.3,200.3,7.4,916.0,753.4,28,36.44,235.89999999999998,375.8,62.77,1.432,3.839,88.7,Excellent,137.71
149.5,236.0,0.0,175.8,12.6,846.8,892.7,28,32.96,236.0,385.5,61.22,1.176,4.536,87.0,Excellent,146.35
299.8,0.0,119.8,211.5,9.9,878.2,727.6,28,23.84,119.8,419.6,28.55,0.705,12.575,55.1,High,275.81
153.1,145.0,113.0,178.5,8.0,867.2,824.0,28,26.23,258.0,411.1,62.76,1.166,5.837,87.4,Excellent,150.69
148.1,0.0,136.6,158.1,16.1,1001.8,830.1,28,17.96,136.6,284.7,47.98,1.068,8.246,73.7,Excellent,140.12
326.5,0.0,137.9,199.0,10.8,801.1,792.5,28,38.63,137.9,464.4,29.69,0.609,8.452,58.7,High,300.74
152.7,144.7,0.0,178.1,8.0,999.7,822.2,28,19.01,144.7,297.4,48.66,1.166,8.032,74.4,Excellent,144.67
261.9,110.5,86.1,195.4,5.0,895.2,732.6,28,33.72,196.6,458.5,42.88,0.746,7.767,69.9,High,245.54
158.4,0.0,194.9,219.7,11.0,897.7,712.9,28,8.54,194.9,353.3,55.17,1.387,18.546,72.9,Excellent,152.3
150.7,0.0,185.3,166.7,15.6,1074.5,678.0,28,13.46,185.3,336.0,55.15,1.106,11.195,77.7,Excellent,144.89
272.6,0.0,89.6,198.7,10.6,931.3,762.2,28,32.25,89.6,362.20000000000005,24.74,0.729,8.452,54.7,High,249.82
149.0,117.6,91.7,182.9,7.1,953.4,780.3,28,23.52,209.3,358.3,58.41,1.228,6.335,83.5,Excellent,144.56
143.0,169.4,142.7,190.7,8.4,967.4,643.5,28,29.73,312.1,455.09999999999997,68.58,1.334,4.81,92.8,Excellent,144.3
259.9,100.6,78.4,170.6,10.4,935.7,762.9,28,49.77,179.0,438.9,40.78,0.656,5.222,69.8,High,242.86
312.9,160.5,0.0,177.6,9.6,916.6,759.5,28,52.45,160.5,473.4,33.9,0.568,5.966,63.7,High,289.64
284.0,119.7,0.0,168.3,7.2,970.4,794.2,28,40.93,119.7,403.7,29.65,0.593,6.939,59.7,High,261.58
336.5,0.0,0.0,181.9,3.4,985.8,816.8,28,44.87,0.0,336.5,0.0,0.541,7.499,35.1,Medium,302.85
144.8,0.0,133.6,180.8,11.1,979.5,811.5,28,13.2,133.6,278.4,47.99,1.249,10.969,72.0,Excellent,137.0
150.0,236.8,0.0,173.8,11.9,1069.3,674.8,28,37.43,236.8,386.8,61.22,1.159,4.007,87.3,Excellent,146.84
143.7,170.2,132.6,191.6,8.5,814.1,805.3,28,29.87,302.79999999999995,446.5,67.82,1.333,4.811,92.2,Excellent,144.47
330.5,169.6,0.0,194.9,8.1,811.0,802.3,28,56.62,169.6,500.1,33.91,0.59,5.837,63.8,High,305.93
154.8,0.0,142.8,193.3,9.1,1047.4,696.7,28,12.46,142.8,297.6,47.98,1.249,12.423,71.0,Excellent,146.46
154.8,183.4,0.0,193.3,9.1,877.2,867.7,28,23.79,183.4,338.20000000000005,54.23,1.249,6.507,80.0,Excellent,148.49
134.7,0.0,165.7,180.2,10.0,961.0,804.9,28,13.29,165.7,300.4,55.16,1.338,10.135,78.4,Excellent,129.51
266.2,112.3,87.5,177.9,10.4,909.7,744.5,28,39.42,199.8,466.0,42.88,0.668,6.753,70.6,Excellent,249.57
314.0,145.3,113.2,178.9,8.0,869.1,690.2,28,46.23,258.5,572.5,45.15,0.57,6.792,72.4,Excellent,295.53
312.7,144.7,0.0,127.3,8.0,999.7,822.2,28,44.52,144.7,457.4,31.64,0.407,7.024,61.2,High,288.67
145.7,172.6,0.0,181.9,3.4,985.8,816.8,28,23.74,172.6,318.29999999999995,54.23,1.248,6.137,80.2,Excellent,139.76
143.8,136.3,106.2,178.1,7.5,941.5,774.3,28,26.15,242.5,386.3,62.78,1.239,5.499,87.6,Excellent,141.55
148.1,0.0,182.1,181.4,15.0,838.9,884.3,28,15.53,182.1,330.2,55.15,1.225,9.536,78.7,Excellent,142.39
277.0,116.8,91.0,190.6,7.0,946.5,665.6,28,43.58,207.8,484.8,42.86,0.688,6.356,70.8,Excellent,259.69
298.1,0.0,107.5,163.6,12.8,953.2,784.0,28,35.87,107.5,405.6,26.5,0.549,8.31,56.2,High,273.67
313.3,145.0,0.0,178.5,8.0,1001.9,688.7,28,41.05,145.0,458.3,31.64,0.57,7.632,60.8,High,289.22
155.2,183.9,143.2,193.8,9.2,879.6,698.5,28,28.99,327.1,482.3,67.82,1.249,5.353,91.8,Excellent,156.04
289.0,133.7,0.0,194.9,5.5,924.1,760.1,28,46.25,133.7,422.7,31.63,0.674,6.249,61.7,High,266.79
147.8,175.1,0.0,171.2,2.2,1000.0,828.5,28,26.92,175.1,322.9,54.23,1.158,5.49,80.6,Excellent,141.78
145.4,0.0,178.9,201.7,7.8,824.0,868.7,28,10.54,178.9,324.3,55.16,1.387,13.794,76.0,Excellent,139.8
312.7,0.0,0.0,178.1,8.0,999.7,822.2,28,25.1,0.0,312.7,0.0,0.57,12.458,31.9,Medium,281.43
136.4,161.6,125.8,171.6,10.4,922.6,764.4,28,29.07,287.4,423.8,67.82,1.258,4.692,92.2,Excellent,137.13
154.8,0.0,142.8,193.3,9.1,877.2,867.7,28,9.74,142.8,297.6,47.98,1.249,15.892,68.8,High,146.46
255.3,98.8,77.0,188.6,6.5,919.0,749.3,28,33.8,175.8,431.1,40.78,0.739,7.553,68.3,High,238.56
272.8,105.1,81.8,209.7,9.0,904.0,679.7,28,37.17,186.89999999999998,459.7,40.66,0.769,7.339,68.4,High,254.86
162.0,190.1,148.1,178.8,18.8,838.1,741.4,28,33.76,338.2,500.20000000000005,67.61,1.104,4.798,92.0,Excellent,162.71
153.6,144.2,112.3,220.1,10.1,923.2,657.9,28,16.5,256.5,410.09999999999997,62.55,1.433,9.309,84.9,Excellent,151.06
146.5,114.6,89.3,201.9,8.8,860.0,829.5,28,19.99,203.89999999999998,350.40000000000003,58.19,1.378,7.328,82.7,Excellent,142.04
151.8,178.1,138.7,167.5,18.3,944.0,694.6,28,36.35,316.79999999999995,468.59999999999997,67.61,1.103,4.176,92.4,Excellent,152.46
309.9,142.8,111.2,167.8,22.1,913.9,651.2,28,38.22,254.0,563.9,45.04,0.541,8.108,71.4,Excellent,291.61
143.6,0.0,174.9,158.4,17.9,942.7,844.5,28,15.42,174.9,318.5,54.91,1.103,9.312,78.7,Excellent,137.99
303.6,139.9,0.0,213.5,6.2,895.5,722.5,28,33.42,139.9,443.5,31.54,0.703,9.084,59.8,High,280.24
374.3,0.0,0.0,190.2,6.7,1013.2,730.4,28,39.06,0.0,374.3,0.0,0.508,9.582,33.8,Medium,336.87
158.6,148.9,116.0,175.1,15.0,953.3,719.7,28,27.68,264.9,423.5,62.55,1.104,5.73,87.3,Excellent,155.99
152.6,238.7,0.0,200.0,6.3,1001.8,683.9,28,26.86,238.7,391.29999999999995,61.0,1.311,5.681,86.0,Excellent,149.28
310.0,142.8,0.0,167.9,10.0,914.3,804.0,28,45.3,142.8,452.8,31.54,0.542,6.843,61.3,High,286.14
304.8,0.0,99.6,196.0,9.8,959.4,705.2,28,30.12,99.6,404.4,24.63,0.643,10.119,53.5,High,279.3
150.9,0.0,183.9,166.6,11.6,991.2,772.2,28,15.57,183.9,334.8,54.93,1.104,9.691,78.5,Excellent,145.0
141.9,166.6,129.7,173.5,10.9,882.6,785.3,28,44.61,296.29999999999995,438.2,67.62,1.223,3.181,93.1,Excellent,142.52
297.8,137.2,106.9,201.3,6.0,878.4,655.3,28,53.52,244.1,541.9,45.05,0.676,5.564,73.1,Excellent,280.23
321.3,164.2,0.0,190.5,4.6,870.0,774.0,28,57.22,164.2,485.5,33.82,0.593,5.615,63.9,High,297.38
366.0,187.0,0.0,191.3,6.6,824.3,756.9,28,65.91,187.0,553.0,33.82,0.523,5.553,64.0,High,338.75
279.8,128.9,100.4,172.4,9.5,825.1,804.9,28,52.83,229.3,509.1,45.04,0.616,5.296,73.3,Excellent,263.29
252.1,97.1,75.6,193.8,8.3,835.5,821.4,28,33.4,172.7,424.79999999999995,40.65,0.769,7.548,68.2,High,235.52
164.6,0.0,150.4,181.6,11.7,1023.3,728.9,28,18.03,150.4,315.0,47.75,1.103,9.129,73.0,Excellent,155.66
155.6,243.5,0.0,180.3,10.7,1022.0,697.7,28,37.36,243.5,399.1,61.01,1.159,4.165,87.0,Excellent,152.22
160.2,188.0,146.4,203.2,11.3,828.7,709.7,28,35.31,334.4,494.6,67.61,1.268,4.537,92.2,Excellent,160.9
298.1,0.0,107.0,186.4,6.1,879.0,815.2,28,42.64,107.0,405.1,26.41,0.625,6.991,57.0,High,273.64
317.9,0.0,126.5,209.7,5.7,860.5,736.6,28,40.06,126.5,444.4,28.47,0.66,7.935,58.0,High,292.44
287.3,120.5,93.9,187.6,9.2,904.4,695.9,28,43.8,214.4,501.70000000000005,42.73,0.653,6.559,70.6,Excellent,269.29
325.6,166.4,0.0,174.0,8.9,881.6,790.0,28,61.24,166.4,492.0,33.82,0.534,5.317,64.1,High,301.36
355.9,0.0,141.6,193.3,11.0,801.4,778.4,28,40.87,141.6,497.5,28.46,0.543,8.708,57.5,High,327.39
132.0,206.5,160.9,178.9,5.5,866.9,735.6,28,33.31,367.4,499.4,73.57,1.355,3.963,97.4,Excellent,137.17
322.5,148.6,0.0,185.8,8.5,951.0,709.5,28,52.43,148.6,471.1,31.54,0.576,6.151,61.7,High,297.68
164.2,0.0,200.1,181.2,12.6,849.3,846.0,28,15.09,200.1,364.29999999999995,54.93,1.104,10.881,77.7,Excellent,157.78
313.8,0.0,112.6,169.9,10.1,925.3,782.9,28,38.46,112.6,426.4,26.41,0.541,8.159,56.2,High,288.05
321.4,0.0,127.9,182.5,11.5,870.1,779.7,28,37.27,127.9,449.29999999999995,28.47,0.568,8.623,57.6,High,295.65
139.7,163.9,127.7,236.7,5.8,868.6,655.6,28,35.23,291.6,431.3,67.61,1.694,3.965,92.5,Excellent,140.31
288.4,121.0,0.0,177.4,7.0,907.9,829.5,28,42.14,121.0,409.4,29.56,0.615,6.844,59.6,High,265.61
298.2,0.0,107.0,209.7,11.1,879.6,744.2,28,31.88,107.0,405.2,26.41,0.703,9.354,55.4,High,273.73
264.5,111.0,86.5,195.5,5.9,832.6,790.4,28,41.54,197.5,462.0,42.75,0.739,6.367,70.7,Excellent,247.92
159.8,250.0,0.0,168.4,12.2,1049.3,688.2,28,39.46,250.0,409.8,61.01,1.054,4.05,87.1,Excellent,156.32
166.0,259.7,0.0,183.2,12.7,858.8,826.8,28,37.92,259.7,425.7,61.01,1.104,4.378,86.9,Excellent,162.38
276.4,116.0,90.3,179.6,8.9,870.1,768.3,28,44.28,206.3,482.7,42.74,0.65,6.242,70.8,Excellent,259.08
322.2,0.0,115.6,196.0,10.4,817.9,813.4,28,31.18,115.6,437.79999999999995,26.4,0.608,10.333,54.8,High,295.76
148.5,139.4,108.6,192.7,6.1,892.4,780.0,28,23.7,248.0,396.5,62.55,1.298,6.266,86.9,Excellent,146.05
159.1,186.7,0.0,175.6,11.3,989.6,788.9,28,32.77,186.7,345.79999999999995,53.99,1.104,4.855,80.9,Excellent,152.52
260.9,100.5,78.3,200.6,8.6,864.5,761.5,28,32.4,178.8,439.7,40.66,0.769,8.052,67.9,High,243.75
